Transaction_ID,Date,Customer_ID,Product_Category,Product_Name,Price,Quantity,Payment_Status,Return_ID,Original_Tx_ID,Return_Date,Refund_Amount,Status,Final_Revenue,Order_ID,Complaint_Category
100236,2023-11-24,C0012,Electronics,Smartphone Z,919.2,1,Paid,,,,,,919.2,,No Complaint
100061,2023-11-17,C0002,Electronics,Laptop X,1598.23,1,Paid,,,,,,1598.23,,No Complaint
101131,2023-12-14,C0008,Smart Home,NordPlug,23.86,1,Paid,,,,,,23.86,101131,Other
101131,2023-12-14,C0008,Smart Home,NordPlug,23.86,1,Paid,,,,,,23.86,101131,Battery Issue
101131,2023-12-14,C0008,Smart Home,NordPlug,23.86,1,Paid,,,,,,23.86,101131,Other
101131,2023-12-14,C0008,Smart Home,NordPlug,23.86,1,Paid,,,,,,23.86,101131,Other
100319,2023-11-27,C0004,Accessories,Phone Case,35.72,1,Paid,,,,,,35.72,,No Complaint
100889,2023-12-09,C0001,Electronics,NoiseCancel Headphones,230.36,1,Paid,,,,,,230.36,,No Complaint
100105,2023-11-19,C0056,Smart Home,NordCam Mini,82.4,1,Paid,,,,,,82.4,,No Complaint
100603,2023-12-04,C0002,Electronics,Laptop X,1771.94,1,Paid,,,,,,1771.94,,No Complaint
101189,2023-11-28,C0001,Smart Home,NordLock Pro,210.88,1,Paid,,,,,,210.88,,No Complaint
100563,2023-12-03,C0008,Electronics,Smartphone Z,855.14,1,Paid,R000001,Ref: 100563,2023-12-15,855.14,Processed,0.0,,No Complaint
100366,2023-11-28,C0004,Electronics,Smartphone Z,1024.64,1,Paid,,,,,,1024.64,,No Complaint
100996,2023-12-12,C0003,Smart Home,NordLock Pro,222.61,1,Paid,,,,,,222.61,,No Complaint
100725,2023-12-06,C0003,Accessories,Laptop Sleeve,27.13,2,Paid,,,,,,27.13,,No Complaint
100456,2023-11-30,C0001,Smart Home,NordTherm,105.45,1,Paid,,,,,,105.45,,No Complaint
100537,2023-12-02,C0030,Electronics,NoiseCancel Headphones,290.46,1,Paid,,,,,,290.46,100537,Delivery Issue
101176,2023-11-24,C0017,Accessories,Phone Case,34.84,1,Paid,,,,,,34.84,,No Complaint
101058,2023-12-13,C0001,Electronics,Laptop X,1504.82,1,Paid,,,,,,1504.82,,No Complaint
100032,2023-11-16,C0094,Electronics,Laptop X,1585.05,1,Paid,,,,,,1585.05,,No Complaint
100455,2023-11-30,C0117,Smart Home,NordLock Pro,205.04,2,Paid,,,,,,205.04,100455,Other
100455,2023-11-30,C0117,Smart Home,NordLock Pro,205.04,2,Paid,,,,,,205.04,100455,Other
100455,2023-11-30,C0117,Smart Home,NordLock Pro,205.04,2,Paid,,,,,,205.04,100455,Battery Issue
100354,2023-11-28,C0002,Smart Home,NordLock Pro,201.09,1,Paid,,,,,,201.09,,No Complaint
101049,2023-12-13,C0001,Electronics,NoiseCancel Headphones,288.0,1,Paid,,,,,,288.0,,No Complaint
100686,2023-12-05,C0059,Electronics,Tablet A,753.9,1,Paid,,,,,,753.9,100686,Battery Issue
100686,2023-12-05,C0059,Electronics,Tablet A,753.9,1,Paid,,,,,,753.9,100686,Other
100094,2023-11-18,C0076,Accessories,Charger,28.32,3,Paid,,,,,,28.32,,No Complaint
100310,2023-11-26,C0002,Electronics,TV Pro,1601.36,1,Paid,,,,,,1601.36,,No Complaint
100202,2023-11-23,C0002,Smart Home,NordLock Pro,186.48,1,Pending,,,,,,186.48,,No Complaint
100290,2023-11-25,C0002,Accessories,Phone Case,12.32,1,Paid,,,,,,12.32,,No Complaint
100737,2023-12-06,C0015,Electronics,Tablet A,672.16,1,Paid,,,,,,672.16,,No Complaint
100318,2023-11-27,C0005,Electronics,Smartphone Z,727.66,1,Paid,,,,,,727.66,,No Complaint
100891,2023-12-09,C0008,Smart Home,NordLock Pro,212.31,2,Paid,,,,,,212.31,,No Complaint
101188,2023-12-10,C0062,Accessories,Wireless Mouse,32.09,1,Paid,,,,,,32.09,,No Complaint
100096,2023-11-18,C0001,Electronics,NoiseCancel Headphones,166.52,1,Paid,,,,,,166.52,,No Complaint
100880,2023-12-09,C0001,Smart Home,NordLock Pro,231.5,1,Paid,,,,,,231.5,,No Complaint
100070,2023-11-17,C0124,Accessories,Accessory Bundle,86.79,1,Paid,,,,,,86.79,100070,Other
100721,2023-12-06,C0085,Smart Home,NordLock Pro,200.26,1,Paid,,,,,,200.26,100721,Other
100721,2023-12-06,C0085,Smart Home,NordLock Pro,200.26,1,Paid,,,,,,200.26,100721,Other
100796,2023-12-07,C0145,Accessories,Wireless Mouse,43.57,1,Paid,,,,,,43.57,100796,Delivery Issue
100796,2023-12-07,C0145,Accessories,Wireless Mouse,43.57,1,Paid,,,,,,43.57,100796,Other
100796,2023-12-07,C0145,Accessories,Wireless Mouse,43.57,1,Paid,,,,,,43.57,100796,Delivery Issue
100352,2023-11-28,C0013,Electronics,Laptop X,1343.0,1,Paid,,,,,,1343.0,,No Complaint
100404,2023-11-29,C0017,Smart Home,NordTherm,83.85,1,Paid,,,,,,83.85,,No Complaint
100608,2023-12-04,C0024,Smart Home,NordTherm,81.21,1,Paid,,,,,,81.21,,No Complaint
100648,2023-12-05,C0024,Electronics,Smartphone Z,834.38,1,Paid,,,,,,834.38,,No Complaint
100341,2023-11-27,C0006,Electronics,NoiseCancel Headphones,300.7,2,Paid,,,,,,300.7,,No Complaint
100742,2023-12-07,C0001,Accessories,USB-C Cable,10.69,4,Paid,,,,,,10.69,,No Complaint
100873,2023-12-09,C0004,Electronics,Smartphone Z,863.18,1,Paid,,,,,,863.18,,No Complaint
101143,2023-12-10,C0001,Electronics,TV Pro,970.6,1,Paid,,,,,,970.6,,No Complaint
100432,2023-11-29,C0006,Smart Home,NordLock Pro,187.29,1,Failed,,,,,,187.29,,No Complaint
100280,2023-11-25,C0002,Accessories,Charger,39.36,1,Paid,,,,,,39.36,,No Complaint
100506,2023-12-01,C0057,Accessories,Screen Protector,7.12,1,Paid,,,,,,7.12,100506,Quality Issue
100364,2023-11-28,C0003,Electronics,TV Pro,1094.93,1,Paid,,,,,,1094.93,,No Complaint
101173,2023-12-07,C0002,Electronics,Tablet A,636.8,1,Paid,,,,,,636.8,,No Complaint
100612,2023-12-04,C0052,Accessories,Charger,35.09,3,Pending,,,,,,35.09,,No Complaint
100040,2023-11-16,C0238,Electronics,Laptop X,1653.4,1,Paid,,,,,,1653.4,,No Complaint
101085,2023-12-13,C0038,Smart Home,NordCam Mini,91.86,2,Paid,,,,,,91.86,,No Complaint
101101,2023-12-14,C0004,Smart Home,NordLock Pro,211.15,1,Paid,,,,,,211.15,101101,Other
101101,2023-12-14,C0004,Smart Home,NordLock Pro,211.15,1,Paid,,,,,,211.15,101101,Battery Issue
100565,2023-12-03,C0005,Smart Home,NordLock Pro,185.0,1,Paid,,,,,,185.0,,No Complaint
100827,2023-12-08,C0013,Electronics,Tablet A,665.07,1,Paid,R000002,TX-100827,2023-12-20,665.07,Processed,0.0,,No Complaint
100426,2023-11-29,C0031,Accessories,Screen Protector,8.99,2,Failed,,,,,,8.99,,No Complaint
100345,2023-11-27,C0250,Electronics,TV Pro,1536.64,1,Paid,,,,,,1536.64,,No Complaint
101047,2023-12-13,C0023,Electronics,Tablet A,441.24,1,Paid,,,,,,441.24,101047,Quality Issue
100471,2023-11-30,C0019,Smart Home,NordLock Pro,180.99,1,Paid,,,,,,180.99,,No Complaint
100303,2023-11-26,C0003,Smart Home,NordLock Pro,224.82,1,Paid,,,,,,224.82,,No Complaint
100570,2023-12-03,C0001,Accessories,Laptop Sleeve,19.23,1,Paid,,,,,,19.23,,No Complaint
100058,2023-11-17,C0031,Electronics,TV Pro,914.97,1,Paid,,,,,,914.97,,No Complaint
100395,2023-11-29,C0169,Electronics,NoiseCancel Headphones,180.76,1,Paid,,,,,,180.76,100395,Delivery Issue
100093,2023-11-18,C0004,Electronics,Smartphone Z,894.13,1,Paid,,,,,,894.13,,No Complaint
100798,2023-12-08,C0004,Accessories,Laptop Sleeve,41.56,1,Paid,,,,,,41.56,,No Complaint
100573,2023-12-03,C0008,Electronics,Laptop X,1597.38,1,Paid,,,,,,1597.38,,No Complaint
100484,2023-12-01,C0137,Smart Home,NordCam Mini,80.0,1,Paid,,,,,,80.0,100484,Delivery Issue
100261,2023-11-25,C0010,Electronics,NoiseCancel Headphones,258.75,1,Paid,R000003,Ref: 100261,2023-12-07,258.75,Processed,0.0,100261,Delivery Issue
100261,2023-11-25,C0010,Electronics,NoiseCancel Headphones,258.75,1,Paid,R000003,Ref: 100261,2023-12-07,258.75,Processed,0.0,100261,Other
100084,2023-11-18,C0001,Accessories,Wireless Mouse,56.31,1,Paid,,,,,,56.31,,No Complaint
100592,2023-12-03,C0024,Smart Home,NordLock Pro,189.75,1,Paid,,,,,,189.75,,No Complaint
100003,2023-11-15,C0059,Electronics,Laptop X,1446.04,1,Paid,,,,,,1446.04,,No Complaint
100042,2023-11-16,C0002,Accessories,Charger,18.8,3,Paid,,,,,,18.8,,No Complaint
100327,2023-11-27,C0002,Electronics,Laptop X,1437.5,1,Paid,,,,,,1437.5,,No Complaint
100965,2023-12-11,C0279,Accessories,Screen Protector,12.26,1,Paid,,,,,,12.26,100965,Delivery Issue
101028,2023-12-12,C0044,Accessories,Wireless Mouse,31.71,1,Paid,,,,,,31.71,101028,Other
100916,2023-12-10,C0003,Electronics,Laptop X,1608.63,1,Paid,,,,,,1608.63,,No Complaint
101071,2023-12-13,C0013,Accessories,Wireless Mouse,26.47,2,Paid,,,,,,26.47,101071,Other
101160,2023-11-25,C0004,Accessories,Phone Case,19.93,2,Paid,,,,,,19.93,,No Complaint
100690,2023-12-06,C0003,Smart Home,NordLock Pro,192.91,1,Paid,,,,,,192.91,,No Complaint
100986,2023-12-11,C0178,Accessories,Charger,45.19,4,Paid,,,,,,45.19,100986,Delivery Issue
101059,2023-12-13,C0002,Smart Home,NordLock Pro,202.54,1,Paid,,,,,,202.54,,No Complaint
101184,2023-11-28,C0001,Smart Home,NordLock Pro,210.88,1,Paid,,,,,,210.88,,No Complaint
100779,2023-12-07,C0001,Electronics,TV Pro,916.41,1,Paid,,,,,,916.41,,No Complaint
100039,2023-11-16,C0003,Accessories,Accessory Bundle,91.93,2,Paid,,,,,,91.93,,No Complaint
100149,2023-11-21,C0001,Electronics,Tablet A,475.44,1,Paid,,,,,,475.44,,No Complaint
100260,2023-11-25,C0003,Electronics,Smartphone Z,706.61,2,Paid,,,,,,706.61,,No Complaint
101094,2023-12-14,C0030,Electronics,Laptop X,1326.3,2,Paid,,,,,,1326.3,101094,Quality Issue
101094,2023-12-14,C0030,Electronics,Laptop X,1326.3,2,Paid,,,,,,1326.3,101094,Other
101094,2023-12-14,C0030,Electronics,Laptop X,1326.3,2,Paid,,,,,,1326.3,101094,Other
100944,2023-12-11,C0289,Electronics,NoiseCancel Headphones,157.39,1,Paid,,,,,,157.39,,No Complaint
100617,2023-12-04,C0002,Electronics,Tablet A,351.21,1,Paid,,,,,,351.21,,No Complaint
100974,2023-12-11,C0031,Accessories,Accessory Bundle,68.13,3,Paid,,,,,,68.13,100974,Battery Issue
100974,2023-12-11,C0031,Accessories,Accessory Bundle,68.13,3,Paid,,,,,,68.13,100974,Other
100955,2023-12-11,C0002,Accessories,Screen Protector,5.43,1,Paid,,,,,,5.43,,No Complaint
101060,2023-12-13,C0001,Electronics,TV Pro,1293.65,1,Paid,,,,,,1293.65,,No Complaint
100726,2023-12-06,C0001,Electronics,NoiseCancel Headphones,302.52,1,Paid,,,,,,302.52,,No Complaint
101151,2023-12-11,C0007,Accessories,Accessory Bundle,44.45,1,Paid,,,,,,44.45,,No Complaint
100861,2023-12-09,C0046,Smart Home,NordLock Pro,201.0,1,Paid,,,,,,201.0,100861,Other
100861,2023-12-09,C0046,Smart Home,NordLock Pro,201.0,1,Paid,,,,,,201.0,100861,Battery Issue
100329,2023-11-27,C0001,Accessories,Phone Case,12.21,2,Paid,,,,,,12.21,,No Complaint
100377,2023-11-28,C0009,Accessories,USB-C Cable,19.51,1,Paid,,,,,,19.51,,No Complaint
101098,2023-12-14,C0001,Accessories,Charger,22.04,1,Paid,,,,,,22.04,,No Complaint
100883,2023-12-09,C0002,Electronics,Laptop X,1389.38,1,Paid,,,,,,1389.38,,No Complaint
100289,2023-11-25,C0005,Smart Home,NordLock Pro,249.63,2,Paid,,,,,,249.63,,No Complaint
100435,2023-11-29,C0008,Accessories,Screen Protector,8.41,3,Paid,,,,,,8.41,,No Complaint
101154,2023-12-11,C0015,Smart Home,NordLock Pro,241.95,1,Paid,,,,,,241.95,,No Complaint
101087,2023-12-14,C0009,Electronics,Tablet A,484.26,1,Paid,,,,,,484.26,,No Complaint
100321,2023-11-27,C0004,Accessories,Accessory Bundle,51.76,1,Paid,,,,,,51.76,,No Complaint
100462,2023-11-30,C0009,Electronics,Laptop X,1389.57,1,Paid,,,,,,1389.57,,No Complaint
100370,2023-11-28,C0217,Accessories,USB-C Cable,19.89,2,Failed,,,,,,19.89,,No Complaint
100218,2023-11-23,C0004,Electronics,Smartphone Z,989.29,2,Paid,,,,,,989.29,,No Complaint
100273,2023-11-25,C0002,Electronics,Laptop X,1374.89,1,Paid,,,,,,1374.89,,No Complaint
100637,2023-12-04,C0003,Electronics,Smartphone Z,713.0,1,Paid,,,,,,713.0,,No Complaint
101103,2023-12-14,C0103,Accessories,Accessory Bundle,63.95,1,Paid,,,,,,63.95,101103,Quality Issue
101103,2023-12-14,C0103,Accessories,Accessory Bundle,63.95,1,Paid,,,,,,63.95,101103,Other
100178,2023-11-22,C0025,Electronics,NoiseCancel Headphones,252.35,1,Paid,,,,,,252.35,,No Complaint
100593,2023-12-03,C0297,Accessories,Laptop Sleeve,27.83,1,Paid,,,,,,27.83,,No Complaint
100410,2023-11-29,C0026,Accessories,Accessory Bundle,35.78,1,Pending,,,,,,35.78,,No Complaint
100401,2023-11-29,C0017,Accessories,Phone Case,10.0,1,Paid,,,,,,10.0,,No Complaint
100438,2023-11-30,C0010,Accessories,Charger,20.58,1,Paid,,,,,,20.58,,No Complaint
100753,2023-12-07,C0040,Electronics,Tablet A,436.32,1,Paid,,,,,,436.32,100753,Battery Issue
100765,2023-12-07,C0080,Electronics,Laptop X,1361.87,1,Paid,,,,,,1361.87,,No Complaint
100782,2023-12-07,C0001,Smart Home,NordLock Pro,201.0,2,Paid,,,,,,201.0,,No Complaint
100936,2023-12-11,C0151,Electronics,TV Pro,1641.8,1,Paid,,,,,,1641.8,100936,Delivery Issue
100936,2023-12-11,C0151,Electronics,TV Pro,1641.8,1,Paid,,,,,,1641.8,100936,Other
100489,2023-12-01,C0015,Electronics,Tablet A,559.0,2,Paid,,,,,,559.0,,No Complaint
100238,2023-11-24,C0270,Accessories,USB-C Cable,17.0,1,Paid,,,,,,17.0,,No Complaint
100244,2023-11-24,C0002,Electronics,NoiseCancel Headphones,229.51,1,Paid,,,,,,229.51,,No Complaint
100828,2023-12-08,C0001,Accessories,Screen Protector,13.81,2,Paid,,,,,,13.81,,No Complaint
100976,2023-12-11,C0008,Electronics,Tablet A,365.96,1,Paid,,,,,,365.96,100976,Other
100427,2023-11-29,C0001,Electronics,TV Pro,1187.16,1,Paid,,,,,,1187.16,,No Complaint
100256,2023-11-24,C0002,Smart Home,NordLock Pro,235.74,1,Paid,,,,,,235.74,,No Complaint
100293,2023-11-25,C0001,Accessories,Charger,40.76,1,Paid,,,,,,40.76,,No Complaint
100811,2023-12-08,C0008,Electronics,NoiseCancel Headphones,161.34,1,Paid,,,,,,161.34,,No Complaint
100295,2023-11-25,C0001,Electronics,Smartphone Z,789.49,1,Paid,,,,,,789.49,,No Complaint
100785,2023-12-07,C0034,Electronics,Smartphone Z,1072.68,1,Paid,,,,,,1072.68,,No Complaint
100122,2023-11-20,C0113,Accessories,Phone Case,33.56,1,Paid,,,,,,33.56,100122,Other
100807,2023-12-08,C0007,Accessories,USB-C Cable,12.72,1,Paid,,,,,,12.72,,No Complaint
100953,2023-12-11,C0015,Smart Home,NordLock Pro,241.95,1,Paid,,,,,,241.95,,No Complaint
101084,2023-12-13,C0225,Accessories,Laptop Sleeve,20.38,2,Paid,,,,,,20.38,,No Complaint
100317,2023-11-27,C0001,Electronics,Smartphone Z,724.77,1,Paid,,,,,,724.77,,No Complaint
100503,2023-12-01,C0122,Smart Home,NordLock Pro,207.18,1,Paid,,,,,,207.18,100503,Other
100503,2023-12-01,C0122,Smart Home,NordLock Pro,207.18,1,Paid,,,,,,207.18,100503,Battery Issue
100503,2023-12-01,C0122,Smart Home,NordLock Pro,207.18,1,Paid,,,,,,207.18,100503,Other
100503,2023-12-01,C0122,Smart Home,NordLock Pro,207.18,1,Paid,,,,,,207.18,100503,Delivery Issue
100503,2023-12-01,C0122,Smart Home,NordLock Pro,207.18,1,Paid,,,,,,207.18,100503,Other
100503,2023-12-01,C0122,Smart Home,NordLock Pro,207.18,1,Paid,,,,,,207.18,100503,Other
100190,2023-11-22,C0215,Electronics,Smartphone Z,846.71,2,Paid,,,,,,846.71,,No Complaint
100171,2023-11-22,C0090,Accessories,Charger,28.87,4,Paid,,,,,,28.87,100171,Other
100350,2023-11-27,C0038,Accessories,Charger,34.12,2,Paid,,,,,,34.12,100350,Other
100991,2023-12-12,C0107,Electronics,Tablet A,427.39,1,Failed,,,,,,427.39,,No Complaint
101066,2023-12-13,C0007,Electronics,NoiseCancel Headphones,258.62,1,Pending,,,,,,258.62,,No Complaint
100583,2023-12-03,C0001,Electronics,TV Pro,1181.73,1,Paid,,,,,,1181.73,,No Complaint
101191,2023-11-15,C0002,Electronics,Tablet A,488.25,1,Paid,,,,,,488.25,,No Complaint
101035,2023-12-12,C0001,Smart Home,NordLock Pro,195.28,2,Paid,,,,,,195.28,101035,Delivery Issue
100578,2023-12-03,C0012,Accessories,Wireless Mouse,51.21,1,Pending,,,,,,51.21,,No Complaint
100524,2023-12-02,C0104,Accessories,Wireless Mouse,18.15,1,Paid,,,,,,18.15,,No Complaint
100777,2023-12-07,C0206,Accessories,Phone Case,16.43,1,Paid,,,,,,16.43,,No Complaint
101175,2023-12-07,C0004,Electronics,Smartphone Z,893.14,1,Paid,,,,,,893.14,,No Complaint
100607,2023-12-04,C0054,Electronics,Laptop X,1698.65,1,Paid,,,,,,1698.65,100607,Other
100983,2023-12-11,C0038,Accessories,Laptop Sleeve,38.52,2,Paid,,,,,,38.52,,No Complaint
100842,2023-12-08,C0007,Electronics,Laptop X,1714.94,1,Paid,R000004,Ref: 100842,2023-12-24,1714.94,Processed,0.0,,No Complaint
101187,2023-11-29,C0017,Smart Home,NordTherm,83.85,1,Paid,,,,,,83.85,,No Complaint
100630,2023-12-04,C0069,Accessories,Wireless Mouse,13.89,1,Paid,,,,,,13.89,100630,Other
100898,2023-12-10,C0001,Smart Home,NordLock Pro,241.97,1,Paid,,,,,,241.97,,No Complaint
100067,2023-11-17,C0003,Accessories,Wireless Mouse,56.08,1,Paid,R000005,100067,2023-11-23,56.08,Processed,0.0,,No Complaint
100182,2023-11-22,C0001,Electronics,TV Pro,1046.88,1,Failed,,,,,,1046.88,,No Complaint
100958,2023-12-11,C0001,Accessories,Charger,43.0,3,Paid,,,,,,43.0,,No Complaint
100696,2023-12-06,C0135,Smart Home,NordLock Pro,225.0,2,Paid,,,,,,225.0,100696,Delivery Issue
100696,2023-12-06,C0135,Smart Home,NordLock Pro,225.0,2,Paid,,,,,,225.0,100696,Quality Issue
100696,2023-12-06,C0135,Smart Home,NordLock Pro,225.0,2,Paid,,,,,,225.0,100696,Other
100334,2023-11-27,C0005,Electronics,Tablet A,322.05,1,Paid,,,,,,322.05,,No Complaint
100733,2023-12-06,C0050,Accessories,Charger,48.23,3,Paid,,,,,,48.23,,No Complaint
100913,2023-12-10,C0001,Accessories,Wireless Mouse,19.15,1,Paid,,,,,,19.15,100913,Battery Issue
100644,2023-12-04,C0301,Accessories,USB-C Cable,9.53,2,Paid,,,,,,9.53,100644,Other
100644,2023-12-04,C0301,Accessories,USB-C Cable,9.53,2,Paid,,,,,,9.53,100644,Other
100644,2023-12-04,C0301,Accessories,USB-C Cable,9.53,2,Paid,,,,,,9.53,100644,Other
100541,2023-12-02,C0020,Accessories,Wireless Mouse,58.32,1,Paid,,,,,,58.32,,No Complaint
100577,2023-12-03,C0002,Smart Home,NordLock Pro,213.5,2,Paid,R000006,Ref: 100577,2023-12-12,427.0,Processed,0.0,,No Complaint
100045,2023-11-17,C0115,Electronics,TV Pro,1532.19,1,Paid,,,,,,1532.19,,No Complaint
100911,2023-12-10,C0003,Electronics,NoiseCancel Headphones,254.21,1,Paid,,,,,,254.21,,No Complaint
100820,2023-12-08,C0001,Accessories,Accessory Bundle,61.58,3,Failed,,,,,,61.58,,No Complaint
100990,2023-12-12,C0157,Electronics,NoiseCancel Headphones,328.41,2,Paid,,,,,,328.41,100990,Delivery Issue
100118,2023-11-19,C0068,Accessories,Laptop Sleeve,38.0,1,Paid,,,,,,38.0,,No Complaint
100332,2023-11-27,C0002,Electronics,Laptop X,1608.06,1,Paid,,,,,,1608.06,,No Complaint
101117,2023-12-14,C0018,Accessories,Charger,27.0,2,Paid,,,,,,27.0,,No Complaint
100755,2023-12-07,C0003,Accessories,Accessory Bundle,76.3,2,Paid,,,,,,76.3,,No Complaint
100483,2023-12-01,C0001,Smart Home,NordLock Pro,216.17,1,Paid,,,,,,216.17,,No Complaint
100047,2023-11-17,C0006,Smart Home,NordLock Pro,208.67,1,Paid,,,,,,208.67,,No Complaint
100605,2023-12-04,C0013,Smart Home,NordTherm,142.49,1,Paid,,,,,,142.49,,No Complaint
100124,2023-11-20,C0004,Electronics,NoiseCancel Headphones,233.73,1,Paid,,,,,,233.73,,No Complaint
100240,2023-11-24,C0018,Accessories,USB-C Cable,13.43,2,Paid,,,,,,13.43,100240,Delivery Issue
100057,2023-11-17,C0061,Electronics,TV Pro,1046.02,1,Paid,,,,,,1046.02,,No Complaint
101072,2023-12-13,C0001,Smart Home,NordLock Pro,212.32,1,Paid,,,,,,212.32,,No Complaint
100709,2023-12-06,C0001,Accessories,Wireless Mouse,54.54,3,Paid,,,,,,54.54,,No Complaint
101045,2023-12-13,C0027,Smart Home,NordPlug,32.53,2,Paid,,,,,,32.53,,No Complaint
100379,2023-11-28,C0001,Accessories,Accessory Bundle,67.03,2,Paid,,,,,,67.03,,No Complaint
100316,2023-11-26,C0002,Electronics,Tablet A,597.79,1,Paid,,,,,,597.79,,No Complaint
100180,2023-11-22,C0006,Electronics,NoiseCancel Headphones,228.54,1,Paid,,,,,,228.54,,No Complaint
101088,2023-12-14,C0006,Accessories,USB-C Cable,14.75,1,Paid,,,,,,14.75,101088,Other
100693,2023-12-06,C0001,Accessories,Laptop Sleeve,26.83,2,Paid,,,,,,26.83,,No Complaint
100682,2023-12-05,C0223,Accessories,Screen Protector,7.5,2,Paid,,,,,,7.5,100682,Quality Issue
100682,2023-12-05,C0223,Accessories,Screen Protector,7.5,2,Paid,,,,,,7.5,100682,Other
101037,2023-12-12,C0003,Electronics,NoiseCancel Headphones,308.13,1,Paid,R000007,TX-101037,2023-12-27,308.13,Processed,0.0,,No Complaint
100786,2023-12-07,C0112,Smart Home,NordLock Pro,245.31,1,Paid,R000008,TX-100786,2023-12-14,245.31,Processed,0.0,100786,Other
100915,2023-12-10,C0028,Accessories,USB-C Cable,15.71,1,Failed,,,,,,15.71,,No Complaint
100268,2023-11-25,C0005,Electronics,TV Pro,1187.59,1,Pending,,,,,,1187.59,,No Complaint
100789,2023-12-07,C0030,Electronics,Laptop X,1363.0,1,Paid,,,,,,1363.0,,No Complaint
100967,2023-12-11,C0002,Accessories,Screen Protector,14.65,2,Pending,,,,,,14.65,,No Complaint
100041,2023-11-16,C0007,Accessories,Accessory Bundle,96.52,1,Paid,,,,,,96.52,,No Complaint
100533,2023-12-02,C0034,Accessories,Laptop Sleeve,32.3,3,Paid,,,,,,32.3,,No Complaint
100301,2023-11-26,C0046,Accessories,Charger,15.37,1,Paid,R000009,Order 100301,2023-12-06,15.37,Processed,0.0,,No Complaint
100434,2023-11-29,C0005,Electronics,NoiseCancel Headphones,344.0,1,Paid,,,,,,344.0,,No Complaint
100802,2023-12-08,C0183,Smart Home,NordLock Pro,200.86,1,Paid,R000010,TX-100802,2023-12-17,200.86,Processed,0.0,100802,Other
100269,2023-11-25,C0070,Electronics,Laptop X,1466.72,1,Pending,,,,,,1466.72,,No Complaint
100633,2023-12-04,C0040,Accessories,USB-C Cable,13.0,3,Paid,,,,,,13.0,,No Complaint
101029,2023-12-12,C0001,Accessories,Laptop Sleeve,37.26,2,Paid,,,,,,37.26,,No Complaint
101081,2023-12-13,C0004,Smart Home,NordPlug,21.26,1,Paid,,,,,,21.26,,No Complaint
100594,2023-12-03,C0147,Electronics,Tablet A,724.89,1,Paid,,,,,,724.89,100594,Other
100971,2023-12-11,C0002,Electronics,TV Pro,1667.73,1,Paid,,,,,,1667.73,,No Complaint
100299,2023-11-26,C0018,Electronics,NoiseCancel Headphones,281.5,1,Paid,,,,,,281.5,,No Complaint
101095,2023-12-14,C0002,Smart Home,NordLock Pro,238.51,1,Paid,,,,,,238.51,,No Complaint
100905,2023-12-10,C0311,Electronics,TV Pro,1080.0,1,Paid,,,,,,1080.0,,No Complaint
100896,2023-12-10,C0001,Accessories,USB-C Cable,18.6,1,Paid,,,,,,18.6,,No Complaint
101132,2023-12-14,C0001,Electronics,Tablet A,589.01,1,Paid,,,,,,589.01,,No Complaint
100144,2023-11-21,C0001,Accessories,Laptop Sleeve,31.36,3,Paid,,,,,,31.36,,No Complaint
100978,2023-12-11,C0003,Electronics,NoiseCancel Headphones,279.88,1,Paid,,,,,,279.88,,No Complaint
100824,2023-12-08,C0007,Electronics,Tablet A,524.82,1,Paid,,,,,,524.82,,No Complaint
101082,2023-12-13,C0014,Smart Home,NordLock Pro,231.99,1,Paid,,,,,,231.99,,No Complaint
100717,2023-12-06,C0001,Accessories,Phone Case,39.48,1,Paid,,,,,,39.48,,No Complaint
100732,2023-12-06,C0001,Electronics,TV Pro,1144.44,1,Paid,,,,,,1144.44,,No Complaint
100164,2023-11-22,C0015,Electronics,Smartphone Z,845.23,1,Paid,,,,,,845.23,,No Complaint
100501,2023-12-01,C0002,Electronics,NoiseCancel Headphones,255.15,1,Paid,,,,,,255.15,,No Complaint
100264,2023-11-25,C0316,Smart Home,NordLock Pro,208.11,1,Paid,,,,,,208.11,,No Complaint
100082,2023-11-18,C0001,Electronics,Laptop X,1457.02,2,Paid,,,,,,1457.02,,No Complaint
101142,2023-11-17,C0061,Electronics,TV Pro,1046.02,1,Paid,,,,,,1046.02,,No Complaint
100768,2023-12-07,C0001,Accessories,Accessory Bundle,55.24,1,Paid,,,,,,55.24,,No Complaint
100325,2023-11-27,C0125,Smart Home,NordLock Pro,220.55,1,Paid,,,,,,220.55,100325,Delivery Issue
100473,2023-11-30,C0004,Electronics,NoiseCancel Headphones,316.19,1,Paid,,,,,,316.19,,No Complaint
100564,2023-12-03,C0001,Smart Home,NordLock Pro,223.08,1,Paid,,,,,,223.08,,No Complaint
100663,2023-12-05,C0066,Smart Home,NordLock Pro,200.01,1,Paid,R000011,Order 100663,2023-12-12,200.01,Processed,0.0,100663,Other
100663,2023-12-05,C0066,Smart Home,NordLock Pro,200.01,1,Paid,R000011,Order 100663,2023-12-12,200.01,Processed,0.0,100663,Other
100663,2023-12-05,C0066,Smart Home,NordLock Pro,200.01,1,Paid,R000011,Order 100663,2023-12-12,200.01,Processed,0.0,100663,Other
100275,2023-11-25,C0004,Accessories,Phone Case,19.93,2,Paid,,,,,,19.93,,No Complaint
100673,2023-12-05,C0016,Electronics,Tablet A,507.23,1,Paid,,,,,,507.23,,No Complaint
100752,2023-12-07,C0271,Smart Home,NordLock Pro,212.22,2,Paid,,,,,,212.22,100752,Other
100752,2023-12-07,C0271,Smart Home,NordLock Pro,212.22,2,Paid,,,,,,212.22,100752,Other
100730,2023-12-06,C0115,Accessories,Wireless Mouse,58.87,1,Paid,,,,,,58.87,100730,Other
100609,2023-12-04,C0004,Smart Home,NordCam Mini,62.0,1,Paid,,,,,,62.0,,No Complaint
100088,2023-11-18,C0027,Accessories,Charger,20.2,1,Paid,,,,,,20.2,,No Complaint
100945,2023-12-11,C0012,Electronics,Tablet A,736.42,2,Paid,,,,,,736.42,,No Complaint
100307,2023-11-26,C0003,Electronics,Smartphone Z,912.54,1,Paid,,,,,,912.54,,No Complaint
100552,2023-12-02,C0145,Electronics,TV Pro,1419.0,1,Paid,,,,,,1419.0,,No Complaint
100188,2023-11-22,C0001,Electronics,Smartphone Z,851.41,1,Paid,,,,,,851.41,,No Complaint
100892,2023-12-10,C0009,Accessories,Wireless Mouse,25.68,1,Paid,,,,,,25.68,,No Complaint
100288,2023-11-25,C0003,Accessories,Charger,29.37,1,Paid,,,,,,29.37,,No Complaint
100871,2023-12-09,C0075,Smart Home,NordLock Pro,185.47,1,Paid,,,,,,185.47,100871,Other
100871,2023-12-09,C0075,Smart Home,NordLock Pro,185.47,1,Paid,,,,,,185.47,100871,Other
100668,2023-12-05,C0030,Electronics,Laptop X,1686.77,1,Paid,,,,,,1686.77,,No Complaint
101061,2023-12-13,C0001,Accessories,Screen Protector,8.08,2,Paid,,,,,,8.08,,No Complaint
100756,2023-12-07,C0001,Accessories,Charger,43.27,1,Paid,,,,,,43.27,,No Complaint
100372,2023-11-28,C0005,Accessories,Accessory Bundle,36.7,2,Paid,,,,,,36.7,,No Complaint
100050,2023-11-17,C0003,Electronics,Tablet A,336.05,2,Paid,,,,,,336.05,,No Complaint
100454,2023-11-30,C0006,Electronics,Smartphone Z,1061.74,1,Paid,,,,,,1061.74,,No Complaint
100248,2023-11-24,C0001,Accessories,Wireless Mouse,26.62,1,Paid,,,,,,26.62,,No Complaint
101195,2023-11-23,C0002,Electronics,Laptop X,1577.0,1,Paid,,,,,,1577.0,,No Complaint
100398,2023-11-29,C0019,Smart Home,NordLock Pro,201.64,1,Paid,,,,,,201.64,,No Complaint
100865,2023-12-09,C0055,Electronics,Tablet A,772.98,1,Paid,,,,,,772.98,100865,Other
100601,2023-12-04,C0001,Accessories,Wireless Mouse,32.0,1,Pending,,,,,,32.0,,No Complaint
100662,2023-12-05,C0004,Smart Home,NordLock Pro,238.67,1,Paid,,,,,,238.67,,No Complaint
100833,2023-12-08,C0027,Electronics,NoiseCancel Headphones,248.37,1,Paid,,,,,,248.37,,No Complaint
100838,2023-12-08,C0003,Smart Home,NordLock Pro,188.83,1,Paid,R000012,Order 100838,2023-12-16,0.0,Rejected,188.83,100838,Quality Issue
100089,2023-11-18,C0002,Accessories,Screen Protector,12.91,1,Paid,,,,,,12.91,,No Complaint
100357,2023-11-28,C0208,Electronics,Smartphone Z,1034.43,1,Paid,,,,,,1034.43,100357,Quality Issue
100567,2023-12-03,C0001,Electronics,Tablet A,631.82,1,Paid,,,,,,631.82,,No Complaint
100918,2023-12-10,C0035,Accessories,Accessory Bundle,98.54,1,Paid,R000013, TX - 100918 ,2023-12-14,98.54,Processed,0.0,100918,Battery Issue
100918,2023-12-10,C0035,Accessories,Accessory Bundle,98.54,1,Paid,R000013, TX - 100918 ,2023-12-14,98.54,Processed,0.0,100918,Other
100773,2023-12-07,C0004,Electronics,Smartphone Z,893.14,1,Paid,,,,,,893.14,,No Complaint
100539,2023-12-02,C0008,Electronics,TV Pro,1441.81,1,Paid,,,,,,1441.81,,No Complaint
100132,2023-11-20,C0001,Electronics,Laptop X,1612.31,2,Paid,,,,,,1612.31,,No Complaint
100376,2023-11-28,C0006,Smart Home,NordLock Pro,224.2,1,Paid,,,,,,224.2,,No Complaint
100616,2023-12-04,C0005,Accessories,Screen Protector,5.04,1,Failed,,,,,,5.04,,No Complaint
100822,2023-12-08,C0242,Smart Home,NordLock Pro,200.64,1,Paid,,,,,,200.64,,No Complaint
100362,2023-11-28,C0004,Accessories,Charger,43.85,2,Paid,,,,,,43.85,,No Complaint
100428,2023-11-29,C0027,Accessories,Accessory Bundle,69.78,1,Paid,,,,,,69.78,,No Complaint
101032,2023-12-12,C0125,Accessories,Phone Case,38.23,2,Paid,,,,,,38.23,101032,Battery Issue
100342,2023-11-27,C0024,Accessories,Phone Case,36.96,2,Paid,,,,,,36.96,,No Complaint
100498,2023-12-01,C0013,Accessories,Screen Protector,9.2,1,Paid,,,,,,9.2,,No Complaint
100758,2023-12-07,C0057,Smart Home,NordLock Pro,239.23,1,Paid,,,,,,239.23,100758,Other
100758,2023-12-07,C0057,Smart Home,NordLock Pro,239.23,1,Paid,,,,,,239.23,100758,Other
100914,2023-12-10,C0118,Accessories,USB-C Cable,14.98,1,Paid,,,,,,14.98,100914,Other
100914,2023-12-10,C0118,Accessories,USB-C Cable,14.98,1,Paid,,,,,,14.98,100914,Quality Issue
100468,2023-11-30,C0001,Electronics,TV Pro,958.27,1,Paid,,,,,,958.27,,No Complaint
100220,2023-11-24,C0073,Accessories,Accessory Bundle,44.98,2,Paid,,,,,,44.98,100220,Other
100153,2023-11-21,C0106,Electronics,Laptop X,1426.23,1,Paid,,,,,,1426.23,,No Complaint
100326,2023-11-27,C0019,Smart Home,NordLock Pro,238.66,1,Paid,,,,,,238.66,,No Complaint
100308,2023-11-26,C0301,Accessories,Charger,42.0,1,Paid,,,,,,42.0,,No Complaint
100859,2023-12-09,C0047,Electronics,TV Pro,1295.1,1,Paid,,,,,,1295.1,100859,Quality Issue
100859,2023-12-09,C0047,Electronics,TV Pro,1295.1,1,Paid,,,,,,1295.1,100859,Other
100613,2023-12-04,C0005,Electronics,Smartphone Z,701.94,1,Paid,,,,,,701.94,,No Complaint
100585,2023-12-03,C0067,Smart Home,NordTherm,84.35,1,Paid,,,,,,84.35,,No Complaint
100606,2023-12-04,C0003,Accessories,Screen Protector,5.0,2,Paid,R000014,TX-100606,2023-12-14,10.0,Processed,0.0,,No Complaint
101147,2023-11-24,C0276,Smart Home,NordLock Pro,205.21,1,Paid,R000015,Ref: 101147,2023-11-28,205.21,Processed,0.0,101147,Battery Issue
101147,2023-11-24,C0276,Smart Home,NordLock Pro,205.21,1,Paid,R000015,Ref: 101147,2023-11-28,205.21,Processed,0.0,101147,Delivery Issue
101147,2023-11-24,C0276,Smart Home,NordLock Pro,205.21,1,Paid,R000015,Ref: 101147,2023-11-28,205.21,Processed,0.0,101147,Other
101147,2023-11-24,C0276,Smart Home,NordLock Pro,205.21,1,Paid,R000015,Ref: 101147,2023-11-28,205.21,Processed,0.0,101147,Other
100893,2023-12-10,C0224,Accessories,Accessory Bundle,47.39,1,Paid,,,,,,47.39,,No Complaint
100900,2023-12-10,C0001,Accessories,USB-C Cable,11.88,1,Paid,,,,,,11.88,,No Complaint
100458,2023-11-30,C0030,Smart Home,NordLock Pro,214.91,1,Paid,,,,,,214.91,,No Complaint
100072,2023-11-18,C0001,Accessories,Phone Case,25.0,1,Paid,,,,,,25.0,,No Complaint
100672,2023-12-05,C0007,Electronics,NoiseCancel Headphones,196.0,1,Paid,,,,,,196.0,,No Complaint
100262,2023-11-25,C0033,Electronics,Smartphone Z,948.32,1,Paid,R000016,Ref: 100262,2023-12-02,,Processed,0.0,,No Complaint
101152,2023-11-24,C0126,Accessories,USB-C Cable,9.1,1,Paid,,,,,,9.1,,No Complaint
100071,2023-11-17,C0035,Accessories,USB-C Cable,15.0,4,Paid,,,,,,15.0,,No Complaint
100954,2023-12-11,C0187,Accessories,Accessory Bundle,97.99,2,Paid,,,,,,97.99,100954,Delivery Issue
100128,2023-11-20,C0120,Accessories,Phone Case,33.65,1,Paid,,,,,,33.65,,No Complaint
100816,2023-12-08,C0031,Smart Home,NordLock Pro,207.28,1,Paid,R000017,TX-100816,2023-12-16,207.28,Processed,0.0,100816,Delivery Issue
100222,2023-11-24,C0070,Accessories,Wireless Mouse,39.86,1,Paid,,,,,,39.86,,No Complaint
101093,2023-12-14,C0001,Electronics,NoiseCancel Headphones,307.32,1,Paid,,,,,,307.32,,No Complaint
101129,2023-12-14,C0001,Electronics,TV Pro,932.28,1,Paid,,,,,,932.28,,No Complaint
100657,2023-12-05,C0001,Smart Home,NordPlug,31.03,1,Failed,,,,,,31.03,,No Complaint
100406,2023-11-29,C0143,Electronics,Tablet A,349.95,1,Paid,,,,,,349.95,,No Complaint
100736,2023-12-06,C0002,Smart Home,NordTherm,85.29,1,Paid,,,,,,85.29,,No Complaint
100602,2023-12-04,C0007,Electronics,Tablet A,529.46,1,Paid,,,,,,529.46,,No Complaint
100211,2023-11-23,C0005,Electronics,Smartphone Z,988.0,1,Paid,,,,,,988.0,,No Complaint
101158,2023-12-04,C0040,Accessories,USB-C Cable,13.0,3,Paid,,,,,,13.0,101158,Other
100711,2023-12-06,C0010,Accessories,Wireless Mouse,29.11,1,Paid,,,,,,29.11,,No Complaint
100848,2023-12-09,C0007,Accessories,Accessory Bundle,83.0,2,Paid,,,,,,83.0,,No Complaint
100263,2023-11-25,C0001,Electronics,Smartphone Z,740.02,1,Paid,,,,,,740.02,,No Complaint
100305,2023-11-26,C0160,Accessories,Charger,17.05,3,Paid,,,,,,17.05,100305,Other
100305,2023-11-26,C0160,Accessories,Charger,17.05,3,Paid,,,,,,17.05,100305,Delivery Issue
100337,2023-11-27,C0009,Accessories,Screen Protector,6.38,1,Pending,,,,,,6.38,,No Complaint
100156,2023-11-21,C0003,Electronics,TV Pro,1131.22,1,Failed,,,,,,1131.22,,No Complaint
100513,2023-12-01,C0001,Smart Home,NordPlug,18.39,1,Paid,,,,,,18.39,,No Complaint
100646,2023-12-04,C0102,Accessories,USB-C Cable,18.98,1,Paid,,,,,,18.98,,No Complaint
100074,2023-11-18,C0129,Smart Home,NordLock Pro,227.1,1,Paid,,,,,,227.1,100074,Battery Issue
100044,2023-11-16,C0003,Electronics,NoiseCancel Headphones,207.57,1,Paid,,,,,,207.57,,No Complaint
101198,2023-12-13,C0013,Accessories,Wireless Mouse,26.47,2,Paid,,,,,,26.47,,No Complaint
100776,2023-12-07,C0093,Accessories,Screen Protector,10.13,3,Paid,,,,,,10.13,,No Complaint
100627,2023-12-04,C0022,Accessories,Screen Protector,8.38,1,Paid,,,,,,8.38,100627,Quality Issue
100795,2023-12-07,C0002,Accessories,USB-C Cable,9.83,1,Paid,,,,,,9.83,,No Complaint
100569,2023-12-03,C0001,Accessories,Charger,28.0,1,Paid,,,,,,28.0,,No Complaint
100254,2023-11-24,C0084,Electronics,Smartphone Z,906.32,1,Paid,,,,,,906.32,,No Complaint
101003,2023-12-12,C0003,Smart Home,NordLock Pro,217.71,2,Paid,,,,,,217.71,,No Complaint
100710,2023-12-06,C0181,Electronics,Laptop X,1439.35,1,Paid,,,,,,1439.35,,No Complaint
100296,2023-11-26,C0028,Electronics,TV Pro,1020.82,1,Paid,,,,,,1020.82,,No Complaint
100723,2023-12-06,C0020,Accessories,Laptop Sleeve,15.59,2,Paid,,,,,,15.59,,No Complaint
100346,2023-11-27,C0001,Smart Home,NordLock Pro,210.9,1,Paid,,,,,,210.9,,No Complaint
100655,2023-12-05,C0023,Accessories,Accessory Bundle,59.55,1,Paid,R000018,Order 100655,2023-12-13,,Rejected,59.55,100655,Battery Issue
100099,2023-11-19,C0001,Electronics,TV Pro,926.93,1,Paid,,,,,,926.93,,No Complaint
100470,2023-11-30,C0200,Smart Home,NordLock Pro,189.66,1,Paid,,,,,,189.66,100470,Other
100470,2023-11-30,C0200,Smart Home,NordLock Pro,189.66,1,Paid,,,,,,189.66,100470,Delivery Issue
100470,2023-11-30,C0200,Smart Home,NordLock Pro,189.66,1,Paid,,,,,,189.66,100470,Other
100504,2023-12-01,C0037,Accessories,Charger,42.66,1,Paid,,,,,,42.66,100504,Delivery Issue
100075,2023-11-18,C0022,Accessories,Wireless Mouse,44.32,2,Paid,,,,,,44.32,,No Complaint
100509,2023-12-01,C0015,Accessories,USB-C Cable,16.14,1,Paid,,,,,,16.14,100509,Delivery Issue
100012,2023-11-15,C0005,Electronics,Laptop X,1546.0,2,Paid,,,,,,1546.0,,No Complaint
101192,2023-11-25,C0003,Electronics,Smartphone Z,1056.7,1,Paid,,,,,,1056.7,,No Complaint
100356,2023-11-28,C0037,Electronics,Tablet A,556.99,1,Paid,,,,,,556.99,,No Complaint
100028,2023-11-16,C0253,Accessories,Laptop Sleeve,29.42,1,Paid,,,,,,29.42,100028,Other
100923,2023-12-10,C0022,Electronics,Smartphone Z,711.15,1,Paid,,,,,,711.15,100923,Battery Issue
100784,2023-12-07,C0019,Accessories,USB-C Cable,19.73,1,Paid,,,,,,19.73,100784,Quality Issue
100784,2023-12-07,C0019,Accessories,USB-C Cable,19.73,1,Paid,,,,,,19.73,100784,Other
100784,2023-12-07,C0019,Accessories,USB-C Cable,19.73,1,Paid,,,,,,19.73,100784,Other
100425,2023-11-29,C0002,Accessories,USB-C Cable,9.35,1,Pending,,,,,,9.35,,No Complaint
100959,2023-12-11,C0028,Electronics,TV Pro,1060.75,1,Paid,,,,,,1060.75,100959,Other
100403,2023-11-29,C0025,Smart Home,NordLock Pro,190.38,1,Paid,,,,,,190.38,,No Complaint
100192,2023-11-23,C0003,Accessories,Wireless Mouse,56.45,1,Paid,,,,,,56.45,,No Complaint
100651,2023-12-05,C0002,Electronics,Smartphone Z,966.41,1,Paid,,,,,,966.41,,No Complaint
100678,2023-12-05,C0033,Smart Home,NordLock Pro,229.79,1,Paid,,,,,,229.79,,No Complaint
100169,2023-11-22,C0006,Electronics,NoiseCancel Headphones,333.41,1,Paid,,,,,,333.41,,No Complaint
100383,2023-11-28,C0237,Smart Home,NordLock Pro,208.61,2,Paid,,,,,,208.61,100383,Other
100383,2023-11-28,C0237,Smart Home,NordLock Pro,208.61,2,Paid,,,,,,208.61,100383,Other
100924,2023-12-10,C0087,Accessories,Accessory Bundle,77.62,2,Paid,,,,,,77.62,,No Complaint
100857,2023-12-09,C0001,Electronics,NoiseCancel Headphones,150.3,1,Paid,,,,,,150.3,,No Complaint
101086,2023-12-14,C0007,Smart Home,NordLock Pro,220.54,1,Paid,,,,,,220.54,,No Complaint
100536,2023-12-02,C0001,Accessories,USB-C Cable,14.0,1,Paid,,,,,,14.0,,No Complaint
100420,2023-11-29,C0001,Accessories,Phone Case,18.25,4,Paid,,,,,,18.25,,No Complaint
101024,2023-12-12,C0003,Smart Home,NordLock Pro,226.2,1,Paid,,,,,,226.2,101024,Other
100437,2023-11-30,C0008,Electronics,Tablet A,355.2,1,Paid,,,,,,355.2,,No Complaint
100375,2023-11-28,C0009,Accessories,Phone Case,35.08,3,Paid,,,,,,35.08,,No Complaint
100373,2023-11-28,C0024,Accessories,USB-C Cable,17.66,1,Paid,,,,,,17.66,,No Complaint
100591,2023-12-03,C0017,Smart Home,NordLock Pro,239.52,1,Paid,R000019,Ref: 100591,2023-12-10,239.52,Processed,0.0,,No Complaint
100417,2023-11-29,C0078,Accessories,Screen Protector,6.53,1,Paid,,,,,,6.53,100417,Other
100775,2023-12-07,C0001,Accessories,USB-C Cable,13.71,1,Paid,,,,,,13.71,,No Complaint
100962,2023-12-11,C0006,Smart Home,NordLock Pro,190.08,1,Paid,R000020,TX-100962,2023-12-21,0.0,Rejected,190.08,,No Complaint
100962,2023-12-11,C0006,Smart Home,NordLock Pro,190.08,1,Paid,R000020,TX-100962,2023-12-21,0.0,Rejected,190.08,,No Complaint
101039,2023-12-12,C0001,Smart Home,NordLock Pro,219.18,1,Paid,,,,,,219.18,,No Complaint
100963,2023-12-11,C0024,Smart Home,NordLock Pro,206.0,1,Paid,R000021,Ref: 100963,2023-12-15,206.0,Processed,0.0,,No Complaint
100150,2023-11-21,C0002,Electronics,NoiseCancel Headphones,227.04,1,Paid,,,,,,227.04,,No Complaint
100791,2023-12-07,C0002,Electronics,Tablet A,636.8,1,Paid,,,,,,636.8,,No Complaint
100300,2023-11-26,C0009,Accessories,Phone Case,18.67,3,Paid,,,,,,18.67,,No Complaint
100708,2023-12-06,C0003,Electronics,Tablet A,612.79,1,Paid,,,,,,612.79,,No Complaint
100950,2023-12-11,C0258,Electronics,NoiseCancel Headphones,200.27,1,Paid,,,,,,200.27,,No Complaint
100241,2023-11-24,C0065,Smart Home,NordPlug,32.73,1,Paid,,,,,,32.73,,No Complaint
100200,2023-11-23,C0063,Electronics,Tablet A,714.86,1,Paid,,,,,,714.86,,No Complaint
100046,2023-11-17,C0009,Electronics,TV Pro,1312.23,1,Paid,,,,,,1312.23,,No Complaint
100713,2023-12-06,C0030,Smart Home,NordLock Pro,239.0,1,Paid,R000022,100713,2023-12-12,239.0,Processed,0.0,,No Complaint
100588,2023-12-03,C0016,Accessories,Wireless Mouse,40.0,1,Paid,,,,,,40.0,,No Complaint
101099,2023-12-14,C0008,Electronics,Laptop X,1431.88,1,Pending,,,,,,1431.88,,No Complaint
100534,2023-12-02,C0018,Accessories,Screen Protector,14.1,1,Paid,,,,,,14.1,100534,Other
100661,2023-12-05,C0029,Smart Home,NordLock Pro,247.0,2,Paid,,,,,,247.0,,No Complaint
100781,2023-12-07,C0003,Accessories,Charger,36.62,2,Paid,,,,,,36.62,,No Complaint
100665,2023-12-05,C0004,Accessories,Screen Protector,5.76,1,Paid,,,,,,5.76,,No Complaint
101120,2023-12-14,C0001,Smart Home,NordLock Pro,226.0,1,Paid,,,,,,226.0,,No Complaint
100642,2023-12-04,C0022,Accessories,Phone Case,19.39,3,Paid,,,,,,19.39,,No Complaint
101182,2023-11-30,C0303,Accessories,Wireless Mouse,23.0,1,Paid,,,,,,23.0,,No Complaint
100449,2023-11-30,C0003,Smart Home,NordLock Pro,239.22,1,Paid,,,,,,239.22,,No Complaint
100511,2023-12-01,C0001,Accessories,Laptop Sleeve,42.01,2,Paid,,,,,,42.01,,No Complaint
100424,2023-11-29,C0006,Accessories,USB-C Cable,8.8,1,Paid,,,,,,8.8,,No Complaint
100098,2023-11-19,C0019,Electronics,TV Pro,1266.38,1,Paid,,,,,,1266.38,,No Complaint
100411,2023-11-29,C0065,Electronics,Tablet A,440.32,1,Pending,,,,,,440.32,,No Complaint
100159,2023-11-21,C0012,Electronics,Tablet A,394.06,1,Paid,,,,,,394.06,,No Complaint
100919,2023-12-10,C0001,Electronics,TV Pro,970.6,1,Paid,,,,,,970.6,,No Complaint
100653,2023-12-05,C0020,Accessories,Screen Protector,9.37,2,Paid,,,,,,9.37,,No Complaint
100033,2023-11-16,C0007,Electronics,Tablet A,615.0,1,Paid,,,,,,615.0,,No Complaint
100799,2023-12-08,C0011,Smart Home,NordPlug,24.63,1,Paid,,,,,,24.63,100799,Battery Issue
100760,2023-12-07,C0002,Electronics,Tablet A,520.14,1,Paid,,,,,,520.14,,No Complaint
100522,2023-12-02,C0003,Accessories,Charger,39.36,1,Paid,,,,,,39.36,,No Complaint
100335,2023-11-27,C0040,Electronics,Smartphone Z,1004.81,1,Paid,,,,,,1004.81,,No Complaint
100259,2023-11-24,C0013,Electronics,Smartphone Z,718.54,1,Paid,,,,,,718.54,,No Complaint
100172,2023-11-22,C0007,Accessories,Laptop Sleeve,39.84,1,Paid,,,,,,39.84,,No Complaint
101108,2023-12-14,C0024,Accessories,Laptop Sleeve,19.89,4,Pending,,,,,,19.89,,No Complaint
100548,2023-12-02,C0001,Electronics,TV Pro,1184.65,1,Paid,,,,,,1184.65,,No Complaint
100237,2023-11-24,C0301,Accessories,Laptop Sleeve,38.99,1,Paid,,,,,,38.99,,No Complaint
100385,2023-11-28,C0015,Accessories,Laptop Sleeve,24.0,3,Paid,,,,,,24.0,,No Complaint
100659,2023-12-05,C0008,Accessories,Charger,40.01,1,Paid,,,,,,40.01,,No Complaint
100024,2023-11-16,C0002,Accessories,Charger,25.01,1,Paid,,,,,,25.01,,No Complaint
101012,2023-12-12,C0001,Electronics,Laptop X,1535.84,1,Failed,,,,,,1535.84,,No Complaint
100478,2023-11-30,C0003,Electronics,TV Pro,1393.62,1,Paid,,,,,,1393.62,,No Complaint
101178,2023-12-13,C0001,Accessories,Charger,46.12,2,Paid,,,,,,46.12,,No Complaint
100680,2023-12-05,C0001,Electronics,Laptop X,1719.0,1,Paid,,,,,,1719.0,,No Complaint
100830,2023-12-08,C0016,Accessories,Laptop Sleeve,39.0,1,Paid,,,,,,39.0,100830,Other
100123,2023-11-20,C0314,Accessories,Laptop Sleeve,33.17,1,Paid,,,,,,33.17,,No Complaint
100698,2023-12-06,C0001,Electronics,TV Pro,1205.0,1,Paid,,,,,,1205.0,,No Complaint
100464,2023-11-30,C0001,Accessories,Laptop Sleeve,20.0,2,Paid,,,,,,20.0,,No Complaint
100628,2023-12-04,C0187,Accessories,Wireless Mouse,19.96,1,Paid,,,,,,19.96,100628,Quality Issue
101075,2023-12-13,C0002,Smart Home,NordCam Mini,62.13,1,Paid,,,,,,62.13,,No Complaint
100985,2023-12-11,C0086,Electronics,Tablet A,783.57,1,Paid,,,,,,783.57,,No Complaint
100520,2023-12-02,C0021,Accessories,USB-C Cable,10.0,1,Paid,,,,,,10.0,,No Complaint
100966,2023-12-11,C0035,Accessories,Phone Case,16.3,1,Paid,,,,,,16.3,,No Complaint
101177,2023-11-28,C0037,Electronics,Tablet A,556.99,1,Paid,,,,,,556.99,,No Complaint
100587,2023-12-03,C0001,Accessories,Screen Protector,10.14,2,Paid,,,,,,10.14,,No Complaint
100787,2023-12-07,C0003,Electronics,NoiseCancel Headphones,273.02,1,Pending,,,,,,273.02,,No Complaint
100523,2023-12-02,C0025,Electronics,Smartphone Z,940.92,1,Paid,,,,,,940.92,100523,Other
100523,2023-12-02,C0025,Electronics,Smartphone Z,940.92,1,Paid,,,,,,940.92,100523,Battery Issue
100523,2023-12-02,C0025,Electronics,Smartphone Z,940.92,1,Paid,,,,,,940.92,100523,Other
100358,2023-11-28,C0001,Accessories,Wireless Mouse,56.52,1,Paid,,,,,,56.52,,No Complaint
100151,2023-11-21,C0002,Electronics,Smartphone Z,752.21,1,Paid,,,,,,752.21,,No Complaint
100529,2023-12-02,C0017,Electronics,Tablet A,326.0,1,Paid,,,,,,326.0,,No Complaint
100181,2023-11-22,C0001,Electronics,NoiseCancel Headphones,185.9,1,Pending,,,,,,185.9,,No Complaint
100292,2023-11-25,C0082,Electronics,NoiseCancel Headphones,258.19,2,Paid,,,,,,258.19,100292,Other
100650,2023-12-05,C0054,Smart Home,NordLock Pro,213.11,1,Paid,R000023,Ref: 100650,2023-12-15,213.11,Processed,0.0,,No Complaint
100867,2023-12-09,C0029,Smart Home,NordLock Pro,209.05,1,Paid,,,,,,209.05,,No Complaint
100175,2023-11-22,C0002,Accessories,Laptop Sleeve,27.74,1,Paid,,,,,,27.74,,No Complaint
100743,2023-12-07,C0097,Accessories,Laptop Sleeve,20.81,1,Paid,,,,,,20.81,100743,Delivery Issue
100258,2023-11-24,C0099,Smart Home,NordLock Pro,214.74,1,Paid,,,,,,214.74,100258,Delivery Issue
100258,2023-11-24,C0099,Smart Home,NordLock Pro,214.74,1,Paid,,,,,,214.74,100258,Delivery Issue
100862,2023-12-09,C0003,Accessories,USB-C Cable,17.87,1,Paid,,,,,,17.87,,No Complaint
100022,2023-11-16,C0003,Electronics,NoiseCancel Headphones,176.57,1,Paid,,,,,,176.57,,No Complaint
101013,2023-12-12,C0001,Accessories,USB-C Cable,13.0,3,Paid,,,,,,13.0,,No Complaint
100783,2023-12-07,C0211,Smart Home,NordLock Pro,183.6,1,Pending,,,,,,183.6,,No Complaint
100475,2023-11-30,C0222,Electronics,NoiseCancel Headphones,254.73,1,Paid,,,,,,254.73,,No Complaint
100804,2023-12-08,C0006,Accessories,Laptop Sleeve,29.83,3,Paid,,,,,,29.83,,No Complaint
100119,2023-11-19,C0001,Accessories,Accessory Bundle,27.0,2,Paid,,,,,,27.0,,No Complaint
100179,2023-11-22,C0004,Electronics,Laptop X,1755.32,2,Paid,,,,,,1755.32,,No Complaint
101159,2023-12-12,C0003,Electronics,NoiseCancel Headphones,308.13,1,Paid,,,,,,308.13,,No Complaint
100298,2023-11-26,C0006,Electronics,NoiseCancel Headphones,236.41,1,Paid,,,,,,236.41,,No Complaint
101200,2023-12-11,C0024,Smart Home,NordLock Pro,206.0,1,Paid,,,,,,206.0,101200,Other
101200,2023-12-11,C0024,Smart Home,NordLock Pro,206.0,1,Paid,,,,,,206.0,101200,Other
101118,2023-12-14,C0001,Accessories,Accessory Bundle,78.76,2,Paid,,,,,,78.76,,No Complaint
100110,2023-11-19,C0001,Electronics,Smartphone Z,1007.22,1,Paid,,,,,,1007.22,,No Complaint
100414,2023-11-29,C0001,Accessories,Screen Protector,8.16,3,Paid,,,,,,8.16,,No Complaint
101111,2023-12-14,C0002,Smart Home,NordLock Pro,227.0,1,Paid,,,,,,227.0,,No Complaint
100888,2023-12-09,C0001,Electronics,Smartphone Z,897.04,1,Paid,,,,,,897.04,,No Complaint
100306,2023-11-26,C0012,Smart Home,NordCam Mini,75.0,2,Paid,,,,,,75.0,100306,Quality Issue
100968,2023-12-11,C0106,Electronics,Laptop X,1406.83,1,Paid,,,,,,1406.83,100968,Other
100968,2023-12-11,C0106,Electronics,Laptop X,1406.83,1,Paid,,,,,,1406.83,100968,Other
100021,2023-11-15,C0006,Smart Home,NordTherm,138.07,1,Paid,,,,,,138.07,,No Complaint
100671,2023-12-05,C0010,Smart Home,NordLock Pro,228.29,1,Paid,,,,,,228.29,,No Complaint
100102,2023-11-19,C0010,Accessories,Laptop Sleeve,24.31,1,Paid,,,,,,24.31,,No Complaint
100140,2023-11-21,C0199,Smart Home,NordLock Pro,222.11,1,Paid,R000024,100140,2023-11-25,222.11,Processed,0.0,100140,Other
100140,2023-11-21,C0199,Smart Home,NordLock Pro,222.11,1,Paid,R000024,100140,2023-11-25,222.11,Processed,0.0,100140,Battery Issue
100140,2023-11-21,C0199,Smart Home,NordLock Pro,222.11,1,Paid,R000024,100140,2023-11-25,222.11,Processed,0.0,100140,Other
100140,2023-11-21,C0199,Smart Home,NordLock Pro,222.11,1,Paid,R000024,100140,2023-11-25,222.11,Processed,0.0,100140,Delivery Issue
100553,2023-12-02,C0019,Smart Home,NordLock Pro,188.09,1,Paid,,,,,,188.09,,No Complaint
100461,2023-11-30,C0076,Electronics,Smartphone Z,989.24,2,Paid,,,,,,989.24,,No Complaint
100856,2023-12-09,C0001,Accessories,Accessory Bundle,40.96,1,Paid,,,,,,40.96,,No Complaint
100720,2023-12-06,C0002,Smart Home,NordLock Pro,208.0,1,Failed,,,,,,208.0,,No Complaint
100206,2023-11-23,C0002,Electronics,Laptop X,1577.0,1,Paid,,,,,,1577.0,,No Complaint
100038,2023-11-16,C0002,Accessories,Phone Case,12.88,2,Paid,,,,,,12.88,,No Complaint
101069,2023-12-13,C0004,Accessories,Accessory Bundle,82.41,1,Paid,,,,,,82.41,,No Complaint
100574,2023-12-03,C0071,Electronics,Smartphone Z,819.94,1,Paid,,,,,,819.94,100574,Other
100596,2023-12-04,C0158,Accessories,Charger,19.56,1,Paid,,,,,,19.56,100596,Other
100624,2023-12-04,C0001,Smart Home,NordCam Mini,91.0,1,Paid,,,,,,91.0,,No Complaint
100882,2023-12-09,C0003,Electronics,TV Pro,1195.36,1,Paid,,,,,,1195.36,,No Complaint
101027,2023-12-12,C0001,Smart Home,NordLock Pro,244.0,1,Paid,,,,,,244.0,,No Complaint
100166,2023-11-22,C0203,Accessories,USB-C Cable,16.3,3,Paid,,,,,,16.3,,No Complaint
100116,2023-11-19,C0009,Electronics,Smartphone Z,1065.43,1,Paid,,,,,,1065.43,,No Complaint
100311,2023-11-26,C0191,Electronics,NoiseCancel Headphones,318.0,1,Paid,,,,,,318.0,100311,Delivery Issue
100311,2023-11-26,C0191,Electronics,NoiseCancel Headphones,318.0,1,Paid,,,,,,318.0,100311,Battery Issue
100909,2023-12-10,C0080,Electronics,TV Pro,1355.85,1,Paid,,,,,,1355.85,,No Complaint
100476,2023-11-30,C0016,Smart Home,NordLock Pro,223.28,1,Paid,,,,,,223.28,,No Complaint
100421,2023-11-29,C0003,Accessories,Screen Protector,14.39,1,Paid,,,,,,14.39,,No Complaint
100555,2023-12-02,C0038,Electronics,NoiseCancel Headphones,246.91,1,Paid,,,,,,246.91,,No Complaint
101174,2023-11-29,C0008,Accessories,Screen Protector,8.41,3,Paid,R000025,TX-101174,2023-12-07,25.23,Processed,0.0,,No Complaint
100219,2023-11-23,C0249,Electronics,Smartphone Z,903.0,1,Paid,,,,,,903.0,100219,Other
100219,2023-11-23,C0249,Electronics,Smartphone Z,903.0,1,Paid,,,,,,903.0,100219,Delivery Issue
100212,2023-11-23,C0014,Accessories,Screen Protector,6.11,2,Paid,,,,,,6.11,,No Complaint
100840,2023-12-08,C0004,Accessories,Wireless Mouse,18.18,1,Paid,,,,,,18.18,,No Complaint
100727,2023-12-06,C0050,Electronics,Laptop X,1588.34,1,Paid,R000026,TX-100727,2023-12-12,1588.34,Processed,0.0,,No Complaint
100055,2023-11-17,C0002,Accessories,Accessory Bundle,94.78,1,Pending,,,,,,94.78,,No Complaint
100815,2023-12-08,C0282,Smart Home,NordLock Pro,210.2,1,Paid,R000027,TX-100815,2023-12-17,210.2,Processed,0.0,100815,Other
100815,2023-12-08,C0282,Smart Home,NordLock Pro,210.2,1,Paid,R000027,TX-100815,2023-12-17,210.2,Processed,0.0,100815,Other
100815,2023-12-08,C0282,Smart Home,NordLock Pro,210.2,1,Paid,R000027,TX-100815,2023-12-17,210.2,Processed,0.0,100815,Other
100815,2023-12-08,C0282,Smart Home,NordLock Pro,210.2,1,Paid,R000027,TX-100815,2023-12-17,210.2,Processed,0.0,100815,Battery Issue
100815,2023-12-08,C0282,Smart Home,NordLock Pro,210.2,1,Paid,R000027,TX-100815,2023-12-17,210.2,Processed,0.0,100815,Other
100649,2023-12-05,C0300,Accessories,Phone Case,16.63,1,Paid,,,,,,16.63,,No Complaint
100908,2023-12-10,C0021,Accessories,Phone Case,17.63,1,Paid,,,,,,17.63,,No Complaint
100571,2023-12-03,C0023,Electronics,Tablet A,370.25,2,Paid,,,,,,370.25,100571,Delivery Issue
100927,2023-12-10,C0062,Accessories,Wireless Mouse,32.09,1,Paid,,,,,,32.09,100927,Other
100330,2023-11-27,C0006,Smart Home,NordLock Pro,180.97,1,Paid,,,,,,180.97,,No Complaint
100493,2023-12-01,C0260,Accessories,Charger,36.46,2,Paid,,,,,,36.46,,No Complaint
100148,2023-11-21,C0001,Electronics,Smartphone Z,935.86,1,Pending,,,,,,935.86,,No Complaint
100255,2023-11-24,C0034,Electronics,NoiseCancel Headphones,264.94,1,Paid,,,,,,264.94,,No Complaint
100829,2023-12-08,C0013,Smart Home,NordLock Pro,209.14,1,Paid,,,,,,209.14,100829,Delivery Issue
100566,2023-12-03,C0064,Electronics,Laptop X,1695.77,1,Paid,,,,,,1695.77,100566,Battery Issue
100566,2023-12-03,C0064,Electronics,Laptop X,1695.77,1,Paid,,,,,,1695.77,100566,Other
100566,2023-12-03,C0064,Electronics,Laptop X,1695.77,1,Paid,,,,,,1695.77,100566,Other
100393,2023-11-28,C0238,Electronics,TV Pro,1338.77,1,Paid,,,,,,1338.77,100393,Delivery Issue
100836,2023-12-08,C0181,Smart Home,NordCam Mini,53.95,1,Paid,,,,,,53.95,,No Complaint
101051,2023-12-13,C0002,Electronics,Laptop X,1696.76,1,Paid,,,,,,1696.76,,No Complaint
100147,2023-11-21,C0006,Electronics,TV Pro,1399.86,1,Paid,,,,,,1399.86,,No Complaint
101153,2023-11-30,C0004,Electronics,NoiseCancel Headphones,316.19,1,Paid,,,,,,316.19,,No Complaint
100168,2023-11-22,C0021,Accessories,USB-C Cable,7.78,1,Paid,,,,,,7.78,,No Complaint
101185,2023-11-25,C0033,Electronics,Smartphone Z,948.32,1,Paid,,,,,,948.32,101185,Other
101185,2023-11-25,C0033,Electronics,Smartphone Z,948.32,1,Paid,,,,,,948.32,101185,Other
100902,2023-12-10,C0004,Electronics,Smartphone Z,1084.69,1,Paid,,,,,,1084.69,,No Complaint
100599,2023-12-04,C0001,Electronics,NoiseCancel Headphones,308.58,1,Paid,R000028,TX-100599,2023-12-17,308.58,Processed,0.0,,No Complaint
101055,2023-12-13,C0002,Smart Home,NordLock Pro,246.13,1,Paid,,,,,,246.13,,No Complaint
100557,2023-12-03,C0003,Electronics,NoiseCancel Headphones,186.46,1,Paid,R000029,Order 100557,2023-12-13,186.46,Processed,0.0,,No Complaint
100652,2023-12-05,C0011,Electronics,Tablet A,314.93,1,Paid,,,,,,314.93,,No Complaint
100163,2023-11-22,C0004,Accessories,Screen Protector,10.08,2,Paid,,,,,,10.08,,No Complaint
100469,2023-11-30,C0001,Electronics,NoiseCancel Headphones,260.09,1,Paid,,,,,,260.09,,No Complaint
100762,2023-12-07,C0009,Electronics,NoiseCancel Headphones,225.04,1,Paid,,,,,,225.04,,No Complaint
100598,2023-12-04,C0070,Accessories,Wireless Mouse,22.02,1,Paid,R000030,TX-100598,2023-12-09,,Rejected,22.02,100598,Other
100281,2023-11-25,C0017,Smart Home,NordCam Mini,91.1,1,Paid,,,,,,91.1,,No Complaint
100899,2023-12-10,C0001,Accessories,USB-C Cable,8.25,1,Paid,,,,,,8.25,,No Complaint
100010,2023-11-15,C0001,Accessories,Charger,32.57,3,Paid,,,,,,32.57,,No Complaint
100764,2023-12-07,C0006,Electronics,Smartphone Z,998.04,1,Paid,,,,,,998.04,,No Complaint
100271,2023-11-25,C0008,Electronics,Laptop X,1718.34,1,Paid,,,,,,1718.34,,No Complaint
100495,2023-12-01,C0004,Electronics,Smartphone Z,795.93,1,Paid,,,,,,795.93,,No Complaint
101022,2023-12-12,C0076,Electronics,Tablet A,565.36,1,Paid,,,,,,565.36,101022,Other
101022,2023-12-12,C0076,Electronics,Tablet A,565.36,1,Paid,,,,,,565.36,101022,Other
100286,2023-11-25,C0007,Electronics,Tablet A,732.66,1,Paid,,,,,,732.66,,No Complaint
100542,2023-12-02,C0077,Accessories,Laptop Sleeve,41.1,1,Pending,,,,,,41.1,,No Complaint
100977,2023-12-11,C0017,Smart Home,NordLock Pro,183.0,1,Paid,,,,,,183.0,100977,Other
100977,2023-12-11,C0017,Smart Home,NordLock Pro,183.0,1,Paid,,,,,,183.0,100977,Other
100977,2023-12-11,C0017,Smart Home,NordLock Pro,183.0,1,Paid,,,,,,183.0,100977,Delivery Issue
100445,2023-11-30,C0001,Accessories,Accessory Bundle,34.98,1,Paid,,,,,,34.98,,No Complaint
100933,2023-12-11,C0003,Accessories,Laptop Sleeve,41.18,3,Paid,,,,,,41.18,,No Complaint
101073,2023-12-13,C0015,Smart Home,NordLock Pro,214.13,1,Paid,,,,,,214.13,101073,Other
101073,2023-12-13,C0015,Smart Home,NordLock Pro,214.13,1,Paid,,,,,,214.13,101073,Battery Issue
100100,2023-11-19,C0143,Accessories,Charger,21.14,1,Paid,,,,,,21.14,,No Complaint
100847,2023-12-09,C0136,Accessories,Laptop Sleeve,43.74,1,Paid,,,,,,43.74,,No Complaint
100496,2023-12-01,C0032,Electronics,NoiseCancel Headphones,282.0,1,Paid,,,,,,282.0,,No Complaint
100433,2023-11-29,C0027,Electronics,NoiseCancel Headphones,306.26,1,Paid,,,,,,306.26,,No Complaint
101134,2023-12-14,C0002,Smart Home,NordLock Pro,200.59,2,Paid,,,,,,200.59,,No Complaint
101197,2023-11-24,C0065,Smart Home,NordPlug,32.73,1,Paid,,,,,,32.73,101197,Other
101197,2023-11-24,C0065,Smart Home,NordPlug,32.73,1,Paid,,,,,,32.73,101197,Other
100167,2023-11-22,C0001,Electronics,Tablet A,499.07,1,Paid,,,,,,499.07,,No Complaint
100162,2023-11-22,C0081,Electronics,TV Pro,1615.87,1,Paid,,,,,,1615.87,100162,Other
100162,2023-11-22,C0081,Electronics,TV Pro,1615.87,1,Paid,,,,,,1615.87,100162,Delivery Issue
100643,2023-12-04,C0005,Smart Home,NordLock Pro,244.97,1,Paid,,,,,,244.97,100643,Other
100017,2023-11-15,C0003,Accessories,Charger,26.91,1,Paid,,,,,,26.91,,No Complaint
100114,2023-11-19,C0148,Electronics,Tablet A,457.81,1,Paid,,,,,,457.81,100114,Quality Issue
100196,2023-11-23,C0001,Electronics,Smartphone Z,1016.16,1,Paid,,,,,,1016.16,,No Complaint
100866,2023-12-09,C0102,Electronics,NoiseCancel Headphones,233.49,1,Paid,,,,,,233.49,100866,Other
100174,2023-11-22,C0001,Smart Home,NordLock Pro,215.47,1,Paid,,,,,,215.47,,No Complaint
100447,2023-11-30,C0001,Accessories,Accessory Bundle,60.0,1,Paid,,,,,,60.0,,No Complaint
100101,2023-11-19,C0001,Accessories,Accessory Bundle,49.17,1,Paid,,,,,,49.17,,No Complaint
100205,2023-11-23,C0024,Electronics,Laptop X,1339.22,1,Paid,,,,,,1339.22,,No Complaint
100581,2023-12-03,C0027,Electronics,NoiseCancel Headphones,348.89,2,Paid,,,,,,348.89,,No Complaint
100157,2023-11-21,C0027,Electronics,Smartphone Z,787.19,2,Paid,,,,,,787.19,,No Complaint
101040,2023-12-12,C0015,Smart Home,NordLock Pro,195.56,1,Paid,,,,,,195.56,,No Complaint
100486,2023-12-01,C0007,Smart Home,NordLock Pro,237.0,2,Paid,,,,,,237.0,,No Complaint
100645,2023-12-04,C0076,Smart Home,NordLock Pro,200.03,1,Paid,R000031,TX-100645,2023-12-08,200.03,Processed,0.0,,No Complaint
100712,2023-12-06,C0007,Accessories,Phone Case,16.5,3,Paid,,,,,,16.5,,No Complaint
100928,2023-12-10,C0002,Smart Home,NordCam Mini,59.35,1,Paid,,,,,,59.35,,No Complaint
101006,2023-12-12,C0187,Electronics,Tablet A,661.51,1,Paid,,,,,,661.51,,No Complaint
100004,2023-11-15,C0019,Accessories,Phone Case,36.72,1,Paid,R000032,Ref: 100004,2023-11-21,36.72,Processed,0.0,,No Complaint
101021,2023-12-12,C0016,Smart Home,NordLock Pro,182.28,1,Paid,,,,,,182.28,,No Complaint
100359,2023-11-28,C0029,Electronics,TV Pro,1552.56,1,Paid,,,,,,1552.56,,No Complaint
100277,2023-11-25,C0008,Electronics,NoiseCancel Headphones,172.79,1,Paid,,,,,,172.79,,No Complaint
100267,2023-11-25,C0182,Smart Home,NordLock Pro,220.58,1,Paid,,,,,,220.58,100267,Delivery Issue
100267,2023-11-25,C0182,Smart Home,NordLock Pro,220.58,1,Paid,,,,,,220.58,100267,Other
100267,2023-11-25,C0182,Smart Home,NordLock Pro,220.58,1,Paid,,,,,,220.58,100267,Other
100860,2023-12-09,C0009,Accessories,USB-C Cable,7.49,1,Paid,,,,,,7.49,,No Complaint
100719,2023-12-06,C0007,Electronics,NoiseCancel Headphones,224.64,1,Paid,,,,,,224.64,,No Complaint
101009,2023-12-12,C0001,Electronics,NoiseCancel Headphones,255.44,1,Pending,,,,,,255.44,,No Complaint
100446,2023-11-30,C0026,Smart Home,NordLock Pro,219.4,1,Paid,,,,,,219.4,100446,Other
100761,2023-12-07,C0120,Accessories,Charger,49.62,3,Paid,,,,,,49.62,,No Complaint
100374,2023-11-28,C0001,Electronics,Tablet A,798.57,1,Paid,R000033,Ref: 100374,2023-12-04,798.57,Processed,0.0,,No Complaint
100870,2023-12-09,C0005,Smart Home,NordLock Pro,180.98,1,Paid,,,,,,180.98,,No Complaint
100223,2023-11-24,C0114,Accessories,Laptop Sleeve,15.24,1,Paid,,,,,,15.24,100223,Other
100459,2023-11-30,C0004,Accessories,Phone Case,13.42,1,Paid,,,,,,13.42,100459,Other
100618,2023-12-04,C0218,Accessories,Wireless Mouse,24.87,2,Paid,,,,,,24.87,,No Complaint
101193,2023-12-12,C0187,Electronics,Tablet A,661.51,1,Paid,R000034,Order 101193,2023-12-27,11.14,Rejected,661.51,,No Complaint
100201,2023-11-23,C0030,Accessories,Phone Case,36.25,1,Paid,,,,,,36.25,,No Complaint
100550,2023-12-02,C0016,Accessories,Wireless Mouse,40.97,1,Paid,,,,,,40.97,,No Complaint
100654,2023-12-05,C0019,Electronics,Tablet A,466.0,1,Paid,,,,,,466.0,,No Complaint
100632,2023-12-04,C0021,Electronics,Tablet A,331.45,1,Paid,,,,,,331.45,,No Complaint
100006,2023-11-15,C0065,Electronics,Tablet A,728.62,1,Paid,,,,,,728.62,,No Complaint
100392,2023-11-28,C0026,Accessories,Charger,28.59,1,Paid,,,,,,28.59,100392,Other
100942,2023-12-11,C0018,Smart Home,NordLock Pro,228.75,1,Paid,R000035,Order 100942,2023-12-21,228.75,Processed,0.0,,No Complaint
100518,2023-12-02,C0003,Smart Home,NordTherm,114.81,1,Paid,,,,,,114.81,,No Complaint
100480,2023-11-30,C0001,Electronics,Laptop X,1688.15,1,Paid,,,,,,1688.15,,No Complaint
100035,2023-11-16,C0103,Electronics,Laptop X,1462.0,1,Paid,,,,,,1462.0,,No Complaint
100920,2023-12-10,C0013,Electronics,Smartphone Z,1052.91,2,Paid,,,,,,1052.91,,No Complaint
100790,2023-12-07,C0041,Accessories,Laptop Sleeve,25.0,1,Paid,,,,,,25.0,100790,Delivery Issue
100527,2023-12-02,C0028,Smart Home,NordLock Pro,219.22,1,Failed,,,,,,219.22,,No Complaint
100441,2023-11-30,C0303,Accessories,Wireless Mouse,23.0,1,Paid,,,,,,23.0,,No Complaint
100625,2023-12-04,C0001,Accessories,Accessory Bundle,75.73,1,Paid,,,,,,75.73,,No Complaint
100611,2023-12-04,C0024,Accessories,Phone Case,10.55,3,Paid,,,,,,10.55,,No Complaint
100073,2023-11-18,C0001,Smart Home,NordLock Pro,230.39,1,Paid,,,,,,230.39,,No Complaint
100973,2023-12-11,C0001,Smart Home,NordLock Pro,186.97,1,Paid,,,,,,186.97,,No Complaint
100544,2023-12-02,C0001,Accessories,USB-C Cable,15.85,4,Paid,,,,,,15.85,,No Complaint
101169,2023-11-30,C0001,Accessories,Wireless Mouse,49.02,1,Paid,,,,,,49.02,,No Complaint
100176,2023-11-22,C0007,Electronics,NoiseCancel Headphones,163.31,1,Failed,,,,,,163.31,,No Complaint
100481,2023-11-30,C0003,Accessories,Laptop Sleeve,22.0,1,Paid,,,,,,22.0,,No Complaint
100107,2023-11-19,C0001,Accessories,Accessory Bundle,62.22,1,Paid,,,,,,62.22,,No Complaint
101005,2023-12-12,C0003,Accessories,Wireless Mouse,53.67,1,Paid,,,,,,53.67,101005,Other
100834,2023-12-08,C0001,Accessories,Charger,39.15,2,Paid,,,,,,39.15,,No Complaint
100252,2023-11-24,C0312,Accessories,Charger,26.0,1,Paid,,,,,,26.0,100252,Other
100252,2023-11-24,C0312,Accessories,Charger,26.0,1,Paid,,,,,,26.0,100252,Other
101166,2023-11-17,C0003,Electronics,Tablet A,336.05,2,Paid,,,,,,336.05,,No Complaint
100390,2023-11-28,C0002,Accessories,Charger,30.55,2,Paid,,,,,,30.55,,No Complaint
100929,2023-12-10,C0083,Accessories,Phone Case,22.44,1,Paid,,,,,,22.44,100929,Delivery Issue
100939,2023-12-11,C0001,Accessories,USB-C Cable,11.22,1,Paid,,,,,,11.22,,No Complaint
100328,2023-11-27,C0001,Accessories,Phone Case,10.0,3,Paid,,,,,,10.0,,No Complaint
100969,2023-12-11,C0006,Accessories,Screen Protector,13.28,1,Paid,,,,,,13.28,100969,Other
101026,2023-12-12,C0001,Electronics,Smartphone Z,829.05,1,Paid,,,,,,829.05,,No Complaint
101076,2023-12-13,C0005,Smart Home,NordLock Pro,187.08,1,Paid,,,,,,187.08,101076,Other
100934,2023-12-11,C0002,Accessories,Charger,38.56,1,Paid,,,,,,38.56,,No Complaint
100217,2023-11-23,C0001,Electronics,Smartphone Z,706.71,2,Paid,,,,,,706.71,,No Complaint
100917,2023-12-10,C0007,Electronics,TV Pro,1563.41,1,Paid,,,,,,1563.41,,No Complaint
100614,2023-12-04,C0002,Accessories,Wireless Mouse,28.43,1,Paid,,,,,,28.43,,No Complaint
100823,2023-12-08,C0001,Smart Home,NordLock Pro,229.47,1,Paid,,,,,,229.47,,No Complaint
100999,2023-12-12,C0052,Smart Home,NordLock Pro,207.41,1,Paid,,,,,,207.41,100999,Other
100568,2023-12-03,C0083,Smart Home,NordCam Mini,63.87,1,Paid,,,,,,63.87,100568,Battery Issue
100069,2023-11-17,C0006,Accessories,Phone Case,34.42,2,Paid,,,,,,34.42,,No Complaint
100554,2023-12-02,C0003,Accessories,Accessory Bundle,84.79,4,Paid,,,,,,84.79,,No Complaint
100247,2023-11-24,C0005,Smart Home,NordLock Pro,229.97,1,Paid,,,,,,229.97,,No Complaint
100418,2023-11-29,C0002,Electronics,Smartphone Z,741.1,1,Paid,,,,,,741.1,,No Complaint
100413,2023-11-29,C0094,Electronics,NoiseCancel Headphones,245.0,1,Paid,,,,,,245.0,,No Complaint
100647,2023-12-05,C0071,Electronics,Smartphone Z,796.55,1,Paid,,,,,,796.55,,No Complaint
100226,2023-11-24,C0002,Electronics,TV Pro,1686.65,1,Paid,,,,,,1686.65,,No Complaint
100285,2023-11-25,C0020,Electronics,TV Pro,1544.21,1,Paid,,,,,,1544.21,100285,Quality Issue
100660,2023-12-05,C0014,Smart Home,NordCam Mini,89.26,2,Paid,,,,,,89.26,,No Complaint
100112,2023-11-19,C0042,Smart Home,NordLock Pro,194.0,1,Paid,,,,,,194.0,,No Complaint
100545,2023-12-02,C0032,Electronics,Laptop X,1364.71,1,Paid,,,,,,1364.71,,No Complaint
101123,2023-12-14,C0002,Electronics,TV Pro,1327.0,1,Pending,,,,,,1327.0,,No Complaint
100993,2023-12-12,C0003,Electronics,Tablet A,654.25,1,Paid,,,,,,654.25,,No Complaint
100818,2023-12-08,C0033,Electronics,Smartphone Z,900.82,1,Paid,,,,,,900.82,100818,Other
100818,2023-12-08,C0033,Electronics,Smartphone Z,900.82,1,Paid,,,,,,900.82,100818,Other
100381,2023-11-28,C0073,Electronics,Tablet A,565.48,1,Paid,,,,,,565.48,100381,Other
100500,2023-12-01,C0002,Smart Home,NordLock Pro,214.0,1,Paid,,,,,,214.0,,No Complaint
100926,2023-12-10,C0229,Smart Home,NordTherm,126.44,1,Paid,,,,,,126.44,100926,Battery Issue
100780,2023-12-07,C0003,Accessories,Laptop Sleeve,36.14,2,Paid,,,,,,36.14,,No Complaint
100291,2023-11-25,C0003,Electronics,Smartphone Z,1056.7,1,Paid,,,,,,1056.7,,No Complaint
100389,2023-11-28,C0001,Smart Home,NordLock Pro,210.88,1,Paid,,,,,,210.88,,No Complaint
100360,2023-11-28,C0001,Electronics,TV Pro,1020.44,1,Paid,,,,,,1020.44,,No Complaint
100407,2023-11-29,C0001,Electronics,Laptop X,1506.44,1,Paid,,,,,,1506.44,,No Complaint
100365,2023-11-28,C0023,Electronics,TV Pro,1015.17,1,Paid,R000036,Ref: 100365,2023-12-06,1015.17,Processed,0.0,,No Complaint
100575,2023-12-03,C0203,Electronics,TV Pro,1308.91,1,Paid,,,,,,1308.91,100575,Delivery Issue
100683,2023-12-05,C0187,Accessories,Accessory Bundle,87.5,1,Pending,,,,,,87.5,,No Complaint
101033,2023-12-12,C0002,Smart Home,NordLock Pro,208.0,2,Paid,R000037,TX-101033,2023-12-21,416.0,Processed,0.0,,No Complaint
100694,2023-12-06,C0002,Electronics,Tablet A,362.0,1,Paid,,,,,,362.0,,No Complaint
100702,2023-12-06,C0149,Electronics,NoiseCancel Headphones,203.0,1,Paid,,,,,,203.0,,No Complaint
100113,2023-11-19,C0003,Accessories,Laptop Sleeve,36.03,2,Paid,,,,,,36.03,,No Complaint
100415,2023-11-29,C0015,Electronics,NoiseCancel Headphones,327.37,1,Pending,,,,,,327.37,,No Complaint
100590,2023-12-03,C0003,Electronics,Laptop X,1488.81,1,Paid,,,,,,1488.81,,No Complaint
100191,2023-11-23,C0062,Electronics,Tablet A,382.77,1,Paid,,,,,,382.77,,No Complaint
101137,2023-12-14,C0014,Electronics,Laptop X,1653.81,1,Paid,,,,,,1653.81,101137,Other
100957,2023-12-11,C0007,Accessories,Accessory Bundle,44.45,1,Paid,,,,,,44.45,,No Complaint
100741,2023-12-07,C0015,Electronics,NoiseCancel Headphones,163.13,1,Paid,,,,,,163.13,,No Complaint
100053,2023-11-17,C0003,Electronics,NoiseCancel Headphones,266.47,1,Paid,,,,,,266.47,,No Complaint
100066,2023-11-17,C0048,Electronics,Laptop X,1460.0,1,Paid,,,,,,1460.0,100066,Other
100875,2023-12-09,C0016,Electronics,Tablet A,496.6,1,Paid,,,,,,496.6,,No Complaint
100246,2023-11-24,C0017,Accessories,Phone Case,34.84,1,Paid,,,,,,34.84,,No Complaint
100803,2023-12-08,C0241,Electronics,Tablet A,474.94,1,Paid,,,,,,474.94,,No Complaint
100844,2023-12-08,C0067,Electronics,TV Pro,1183.75,1,Paid,,,,,,1183.75,,No Complaint
100595,2023-12-03,C0023,Electronics,NoiseCancel Headphones,265.61,1,Paid,,,,,,265.61,,No Complaint
100309,2023-11-26,C0002,Accessories,Wireless Mouse,54.66,4,Paid,,,,,,54.66,,No Complaint
100903,2023-12-10,C0001,Smart Home,NordLock Pro,228.51,1,Paid,,,,,,228.51,,No Complaint
100355,2023-11-28,C0001,Electronics,Smartphone Z,917.35,2,Paid,,,,,,917.35,,No Complaint
101023,2023-12-12,C0001,Accessories,Charger,18.52,1,Paid,,,,,,18.52,,No Complaint
100160,2023-11-21,C0001,Accessories,Screen Protector,13.38,1,Paid,,,,,,13.38,,No Complaint
100187,2023-11-22,C0245,Accessories,USB-C Cable,7.37,3,Paid,,,,,,7.37,,No Complaint
100245,2023-11-24,C0041,Electronics,Laptop X,1469.0,1,Paid,,,,,,1469.0,,No Complaint
100076,2023-11-18,C0007,Electronics,Laptop X,1388.82,1,Paid,,,,,,1388.82,,No Complaint
100323,2023-11-27,C0006,Accessories,Charger,34.9,1,Paid,,,,,,34.9,,No Complaint
100874,2023-12-09,C0001,Electronics,Laptop X,1451.05,1,Paid,,,,,,1451.05,,No Complaint
101054,2023-12-13,C0114,Electronics,Laptop X,1363.58,1,Paid,,,,,,1363.58,,No Complaint
100213,2023-11-23,C0135,Electronics,Tablet A,522.41,1,Paid,,,,,,522.41,100213,Other
100104,2023-11-19,C0004,Electronics,Laptop X,1568.65,1,Paid,,,,,,1568.65,,No Complaint
100754,2023-12-07,C0006,Accessories,Charger,30.68,2,Paid,,,,,,30.68,100754,Quality Issue
101110,2023-12-14,C0001,Electronics,Tablet A,386.48,1,Paid,,,,,,386.48,,No Complaint
100960,2023-12-11,C0001,Electronics,TV Pro,969.19,1,Paid,,,,,,969.19,,No Complaint
100846,2023-12-09,C0054,Accessories,Laptop Sleeve,41.46,3,Paid,,,,,,41.46,100846,Other
100846,2023-12-09,C0054,Accessories,Laptop Sleeve,41.46,3,Paid,,,,,,41.46,100846,Quality Issue
100846,2023-12-09,C0054,Accessories,Laptop Sleeve,41.46,3,Paid,,,,,,41.46,100846,Other
101136,2023-12-14,C0007,Electronics,Smartphone Z,1070.71,2,Paid,,,,,,1070.71,,No Complaint
100229,2023-11-24,C0002,Accessories,Phone Case,10.91,2,Paid,,,,,,10.91,,No Complaint
100750,2023-12-07,C0003,Smart Home,NordLock Pro,190.45,2,Paid,R000038,Ref: 100750,2023-12-12,380.9,Processed,0.0,,No Complaint
100876,2023-12-09,C0007,Accessories,USB-C Cable,16.85,3,Paid,,,,,,16.85,,No Complaint
101016,2023-12-12,C0001,Electronics,TV Pro,1462.11,1,Paid,,,,,,1462.11,,No Complaint
100198,2023-11-23,C0156,Electronics,NoiseCancel Headphones,296.85,1,Paid,,,,,,296.85,,No Complaint
100670,2023-12-05,C0024,Electronics,NoiseCancel Headphones,250.75,1,Paid,,,,,,250.75,,No Complaint
100463,2023-11-30,C0013,Accessories,USB-C Cable,8.39,1,Paid,,,,,,8.39,,No Complaint
100487,2023-12-01,C0240,Accessories,Accessory Bundle,27.89,1,Paid,R000039,TX-100487,2023-12-05,27.89,Processed,0.0,100487,Battery Issue
100051,2023-11-17,C0006,Electronics,Tablet A,740.0,1,Paid,,,,,,740.0,,No Complaint
100700,2023-12-06,C0001,Electronics,Tablet A,549.96,1,Failed,,,,,,549.96,,No Complaint
100854,2023-12-09,C0084,Accessories,Wireless Mouse,26.0,1,Paid,,,,,,26.0,100854,Battery Issue
100416,2023-11-29,C0125,Accessories,Laptop Sleeve,39.4,3,Paid,,,,,,39.4,,No Complaint
100235,2023-11-24,C0002,Electronics,Tablet A,386.12,1,Paid,,,,,,386.12,,No Complaint
100681,2023-12-05,C0002,Electronics,Laptop X,1495.01,1,Paid,,,,,,1495.01,,No Complaint
101007,2023-12-12,C0008,Electronics,Tablet A,332.54,1,Paid,,,,,,332.54,,No Complaint
100868,2023-12-09,C0002,Smart Home,NordLock Pro,187.0,2,Paid,R000040, TX - 100868 ,2023-12-15,374.0,Processed,0.0,,No Complaint
100582,2023-12-03,C0257,Electronics,Laptop X,1783.31,1,Failed,,,,,,1783.31,,No Complaint
100402,2023-11-29,C0022,Electronics,Laptop X,1456.95,2,Paid,,,,,,1456.95,,No Complaint
100439,2023-11-30,C0001,Smart Home,NordLock Pro,216.05,1,Paid,,,,,,216.05,,No Complaint
100877,2023-12-09,C0002,Smart Home,NordLock Pro,218.56,1,Paid,,,,,,218.56,,No Complaint
100718,2023-12-06,C0109,Smart Home,NordLock Pro,195.57,1,Failed,,,,,,195.57,,No Complaint
100864,2023-12-09,C0001,Accessories,Laptop Sleeve,23.0,1,Paid,,,,,,23.0,,No Complaint
100739,2023-12-07,C0061,Electronics,Smartphone Z,1073.23,1,Paid,,,,,,1073.23,,No Complaint
100030,2023-11-16,C0027,Accessories,USB-C Cable,7.17,2,Paid,,,,,,7.17,,No Complaint
100640,2023-12-04,C0257,Smart Home,NordLock Pro,224.35,1,Paid,,,,,,224.35,100640,Battery Issue
100640,2023-12-04,C0257,Smart Home,NordLock Pro,224.35,1,Paid,,,,,,224.35,100640,Other
100239,2023-11-24,C0126,Accessories,USB-C Cable,9.1,1,Paid,,,,,,9.1,100239,Battery Issue
100239,2023-11-24,C0126,Accessories,USB-C Cable,9.1,1,Paid,,,,,,9.1,100239,Quality Issue
100239,2023-11-24,C0126,Accessories,USB-C Cable,9.1,1,Paid,,,,,,9.1,100239,Battery Issue
100239,2023-11-24,C0126,Accessories,USB-C Cable,9.1,1,Paid,,,,,,9.1,100239,Delivery Issue
100674,2023-12-05,C0002,Electronics,Laptop X,1614.66,1,Paid,,,,,,1614.66,,No Complaint
101170,2023-11-17,C0157,Electronics,Tablet A,479.0,1,Paid,,,,,,479.0,,No Complaint
100774,2023-12-07,C0058,Smart Home,NordLock Pro,248.12,1,Paid,,,,,,248.12,100774,Other
100774,2023-12-07,C0058,Smart Home,NordLock Pro,248.12,1,Paid,,,,,,248.12,100774,Other
100774,2023-12-07,C0058,Smart Home,NordLock Pro,248.12,1,Paid,,,,,,248.12,100774,Delivery Issue
101010,2023-12-12,C0016,Accessories,Laptop Sleeve,15.7,3,Paid,,,,,,15.7,101010,Other
100324,2023-11-27,C0002,Accessories,Screen Protector,12.57,4,Paid,,,,,,12.57,,No Complaint
101144,2023-12-03,C0012,Accessories,Wireless Mouse,51.21,1,Pending,,,,,,51.21,,No Complaint
100855,2023-12-09,C0005,Electronics,NoiseCancel Headphones,190.71,1,Paid,,,,,,190.71,,No Complaint
100746,2023-12-07,C0198,Smart Home,NordLock Pro,235.6,1,Paid,,,,,,235.6,100746,Other
101165,2023-12-11,C0002,Accessories,Charger,38.56,1,Paid,R000041,Ref: 101165,2023-12-20,10.75,Rejected,38.56,101165,Delivery Issue
101138,2023-11-28,C0237,Smart Home,NordLock Pro,208.61,2,Paid,,,,,,208.61,,No Complaint
100516,2023-12-02,C0003,Accessories,Screen Protector,12.0,2,Paid,,,,,,12.0,,No Complaint
100881,2023-12-09,C0267,Smart Home,NordLock Pro,228.02,1,Paid,,,,,,228.02,100881,Other
100881,2023-12-09,C0267,Smart Home,NordLock Pro,228.02,1,Paid,,,,,,228.02,100881,Delivery Issue
100748,2023-12-07,C0002,Accessories,Accessory Bundle,84.53,1,Paid,,,,,,84.53,100748,Other
100667,2023-12-05,C0001,Accessories,Laptop Sleeve,26.6,1,Paid,,,,,,26.6,,No Complaint
101186,2023-12-12,C0001,Accessories,USB-C Cable,13.0,3,Paid,,,,,,13.0,,No Complaint
100351,2023-11-27,C0002,Electronics,Laptop X,1494.48,1,Paid,,,,,,1494.48,,No Complaint
101036,2023-12-12,C0035,Accessories,Laptop Sleeve,28.0,1,Paid,,,,,,28.0,,No Complaint
100792,2023-12-07,C0003,Smart Home,NordLock Pro,246.21,1,Paid,,,,,,246.21,,No Complaint
100508,2023-12-01,C0001,Smart Home,NordLock Pro,225.99,2,Pending,,,,,,225.99,,No Complaint
100037,2023-11-16,C0055,Smart Home,NordLock Pro,222.22,1,Paid,,,,,,222.22,,No Complaint
100610,2023-12-04,C0004,Smart Home,NordPlug,32.97,2,Paid,,,,,,32.97,,No Complaint
100014,2023-11-15,C0115,Accessories,Charger,19.07,1,Paid,,,,,,19.07,,No Complaint
100676,2023-12-05,C0025,Electronics,NoiseCancel Headphones,247.0,1,Failed,,,,,,247.0,,No Complaint
100059,2023-11-17,C0157,Electronics,Tablet A,479.0,1,Paid,,,,,,479.0,100059,Battery Issue
100234,2023-11-24,C0003,Electronics,Tablet A,525.74,1,Paid,,,,,,525.74,,No Complaint
100744,2023-12-07,C0001,Smart Home,NordCam Mini,58.18,1,Failed,,,,,,58.18,,No Complaint
100479,2023-11-30,C0003,Accessories,Accessory Bundle,92.28,1,Paid,,,,,,92.28,,No Complaint
100194,2023-11-23,C0055,Electronics,TV Pro,965.81,1,Pending,,,,,,965.81,,No Complaint
100405,2023-11-29,C0204,Accessories,Phone Case,24.0,1,Paid,,,,,,24.0,,No Complaint
100488,2023-12-01,C0003,Smart Home,NordTherm,109.04,1,Paid,,,,,,109.04,,No Complaint
100472,2023-11-30,C0009,Accessories,Phone Case,26.0,1,Paid,,,,,,26.0,,No Complaint
100257,2023-11-24,C0013,Accessories,Accessory Bundle,40.65,3,Paid,,,,,,40.65,100257,Delivery Issue
100257,2023-11-24,C0013,Accessories,Accessory Bundle,40.65,3,Paid,,,,,,40.65,100257,Battery Issue
100895,2023-12-10,C0014,Electronics,Laptop X,1779.0,1,Paid,,,,,,1779.0,,No Complaint
101091,2023-12-14,C0001,Electronics,NoiseCancel Headphones,158.87,1,Paid,,,,,,158.87,,No Complaint
100579,2023-12-03,C0045,Accessories,Accessory Bundle,86.12,2,Paid,,,,,,86.12,,No Complaint
100707,2023-12-06,C0029,Accessories,Wireless Mouse,41.44,1,Paid,,,,,,41.44,,No Complaint
101179,2023-11-22,C0245,Accessories,USB-C Cable,7.37,3,Paid,,,,,,7.37,,No Complaint
100227,2023-11-24,C0015,Accessories,Screen Protector,13.01,3,Paid,,,,,,13.01,,No Complaint
100250,2023-11-24,C0057,Smart Home,NordLock Pro,203.53,1,Paid,,,,,,203.53,,No Complaint
100890,2023-12-09,C0001,Smart Home,NordPlug,31.47,1,Paid,,,,,,31.47,,No Complaint
100706,2023-12-06,C0010,Smart Home,NordLock Pro,181.27,1,Paid,,,,,,181.27,,No Complaint
100284,2023-11-25,C0001,Electronics,Tablet A,671.18,1,Paid,,,,,,671.18,,No Complaint
100314,2023-11-26,C0004,Smart Home,NordCam Mini,87.73,1,Paid,,,,,,87.73,,No Complaint
100597,2023-12-04,C0176,Accessories,Phone Case,36.31,1,Paid,,,,,,36.31,100597,Other
100048,2023-11-17,C0068,Electronics,Laptop X,1571.0,1,Pending,,,,,,1571.0,,No Complaint
101122,2023-12-14,C0082,Electronics,Smartphone Z,700.68,1,Pending,,,,,,700.68,,No Complaint
100970,2023-12-11,C0001,Electronics,NoiseCancel Headphones,164.02,1,Paid,,,,,,164.02,,No Complaint
101157,2023-12-10,C0224,Accessories,Accessory Bundle,47.39,1,Paid,,,,,,47.39,101157,Other
101145,2023-11-30,C0008,Electronics,Tablet A,355.2,1,Paid,,,,,,355.2,,No Complaint
100759,2023-12-07,C0004,Electronics,Smartphone Z,1086.15,2,Paid,,,,,,1086.15,,No Complaint
100313,2023-11-26,C0003,Electronics,Smartphone Z,955.3,1,Paid,,,,,,955.3,,No Complaint
100722,2023-12-06,C0007,Accessories,USB-C Cable,12.52,4,Paid,,,,,,12.52,,No Complaint
100735,2023-12-06,C0001,Electronics,NoiseCancel Headphones,206.95,1,Paid,,,,,,206.95,,No Complaint
100812,2023-12-08,C0006,Electronics,Tablet A,470.11,2,Paid,R000042,TX-100812,2023-12-18,940.22,Processed,0.0,,No Complaint
101125,2023-12-14,C0023,Smart Home,NordLock Pro,226.29,1,Paid,,,,,,226.29,,No Complaint
100850,2023-12-09,C0005,Accessories,Screen Protector,6.8,2,Paid,,,,,,6.8,,No Complaint
100384,2023-11-28,C0051,Electronics,Tablet A,770.0,1,Paid,,,,,,770.0,100384,Other
100384,2023-11-28,C0051,Electronics,Tablet A,770.0,1,Paid,,,,,,770.0,100384,Delivery Issue
100018,2023-11-15,C0009,Accessories,Wireless Mouse,57.97,1,Paid,,,,,,57.97,,No Complaint
101077,2023-12-13,C0001,Accessories,Charger,46.12,2,Paid,,,,,,46.12,,No Complaint
100988,2023-12-11,C0001,Electronics,Smartphone Z,883.0,1,Paid,,,,,,883.0,,No Complaint
100126,2023-11-20,C0023,Electronics,Tablet A,511.14,1,Paid,,,,,,511.14,,No Complaint
100512,2023-12-01,C0042,Electronics,TV Pro,1179.0,1,Paid,,,,,,1179.0,100512,Other
100512,2023-12-01,C0042,Electronics,TV Pro,1179.0,1,Paid,,,,,,1179.0,100512,Quality Issue
100512,2023-12-01,C0042,Electronics,TV Pro,1179.0,1,Paid,,,,,,1179.0,100512,Other
100512,2023-12-01,C0042,Electronics,TV Pro,1179.0,1,Paid,,,,,,1179.0,100512,Other
100512,2023-12-01,C0042,Electronics,TV Pro,1179.0,1,Paid,,,,,,1179.0,100512,Delivery Issue
100512,2023-12-01,C0042,Electronics,TV Pro,1179.0,1,Paid,,,,,,1179.0,100512,Delivery Issue
100512,2023-12-01,C0042,Electronics,TV Pro,1179.0,1,Paid,,,,,,1179.0,100512,Delivery Issue
100512,2023-12-01,C0042,Electronics,TV Pro,1179.0,1,Paid,,,,,,1179.0,100512,Battery Issue
100512,2023-12-01,C0042,Electronics,TV Pro,1179.0,1,Paid,,,,,,1179.0,100512,Other
100512,2023-12-01,C0042,Electronics,TV Pro,1179.0,1,Paid,,,,,,1179.0,100512,Other
100512,2023-12-01,C0042,Electronics,TV Pro,1179.0,1,Paid,,,,,,1179.0,100512,Other
100077,2023-11-18,C0004,Accessories,Wireless Mouse,57.3,1,Paid,,,,,,57.3,,No Complaint
100819,2023-12-08,C0087,Smart Home,NordPlug,17.09,1,Paid,,,,,,17.09,,No Complaint
100556,2023-12-03,C0005,Electronics,Laptop X,1382.75,1,Paid,,,,,,1382.75,,No Complaint
101057,2023-12-13,C0004,Smart Home,NordLock Pro,223.76,1,Paid,R000043,TX-101057,2023-12-22,223.76,Processed,0.0,,No Complaint
100016,2023-11-15,C0023,Electronics,TV Pro,1449.46,1,Paid,,,,,,1449.46,,No Complaint
100436,2023-11-30,C0001,Electronics,Smartphone Z,759.36,1,Failed,,,,,,759.36,,No Complaint
100499,2023-12-01,C0068,Electronics,Tablet A,461.35,1,Paid,,,,,,461.35,,No Complaint
100451,2023-11-30,C0001,Electronics,Laptop X,1369.47,1,Failed,,,,,,1369.47,,No Complaint
100767,2023-12-07,C0028,Accessories,Phone Case,11.57,4,Paid,,,,,,11.57,100767,Quality Issue
100767,2023-12-07,C0028,Accessories,Phone Case,11.57,4,Paid,,,,,,11.57,100767,Other
100036,2023-11-16,C0063,Accessories,Laptop Sleeve,26.31,1,Pending,,,,,,26.31,,No Complaint
100948,2023-12-11,C0013,Electronics,Tablet A,635.0,1,Paid,,,,,,635.0,,No Complaint
100982,2023-12-11,C0009,Electronics,Tablet A,646.0,1,Paid,,,,,,646.0,,No Complaint
100242,2023-11-24,C0276,Smart Home,NordLock Pro,205.21,1,Paid,,,,,,205.21,,No Complaint
100530,2023-12-02,C0005,Accessories,USB-C Cable,18.78,1,Paid,,,,,,18.78,,No Complaint
100344,2023-11-27,C0013,Electronics,Tablet A,691.81,1,Paid,,,,,,691.81,,No Complaint
100507,2023-12-01,C0196,Electronics,Tablet A,376.91,1,Paid,,,,,,376.91,,No Complaint
101190,2023-11-27,C0001,Accessories,Phone Case,12.21,2,Paid,,,,,,12.21,,No Complaint
100216,2023-11-23,C0006,Smart Home,NordLock Pro,218.7,1,Paid,,,,,,218.7,,No Complaint
100209,2023-11-23,C0007,Accessories,USB-C Cable,13.23,1,Paid,,,,,,13.23,,No Complaint
100946,2023-12-11,C0052,Accessories,USB-C Cable,16.38,1,Paid,,,,,,16.38,,No Complaint
100065,2023-11-17,C0039,Accessories,Phone Case,30.02,2,Paid,,,,,,30.02,,No Complaint
100011,2023-11-15,C0002,Electronics,Laptop X,1491.63,1,Paid,,,,,,1491.63,,No Complaint
100253,2023-11-24,C0294,Accessories,Wireless Mouse,25.96,1,Paid,,,,,,25.96,,No Complaint
100604,2023-12-04,C0001,Electronics,Tablet A,327.65,1,Paid,,,,,,327.65,,No Complaint
100315,2023-11-26,C0001,Smart Home,NordLock Pro,247.46,1,Paid,R000044,100315,2023-11-29,247.46,Processed,0.0,,No Complaint
100466,2023-11-30,C0002,Electronics,Smartphone Z,916.13,1,Paid,,,,,,916.13,,No Complaint
100932,2023-12-11,C0132,Accessories,USB-C Cable,7.4,3,Paid,,,,,,7.4,,No Complaint
100368,2023-11-28,C0029,Smart Home,NordLock Pro,231.33,1,Paid,,,,,,231.33,,No Complaint
100363,2023-11-28,C0020,Electronics,NoiseCancel Headphones,263.87,1,Paid,,,,,,263.87,100363,Delivery Issue
100631,2023-12-04,C0002,Electronics,NoiseCancel Headphones,328.0,1,Paid,,,,,,328.0,,No Complaint
100322,2023-11-27,C0011,Electronics,Laptop X,1704.39,1,Paid,,,,,,1704.39,,No Complaint
100925,2023-12-10,C0003,Accessories,Wireless Mouse,51.07,1,Pending,,,,,,51.07,,No Complaint
101063,2023-12-13,C0037,Accessories,Charger,36.0,4,Paid,,,,,,36.0,,No Complaint
100444,2023-11-30,C0001,Accessories,Wireless Mouse,49.02,1,Paid,,,,,,49.02,,No Complaint
101109,2023-12-14,C0183,Smart Home,NordLock Pro,228.56,1,Paid,R000045,101109,2023-12-19,228.56,Processed,0.0,101109,Other
100225,2023-11-24,C0240,Accessories,Screen Protector,14.17,2,Paid,,,,,,14.17,,No Complaint
100020,2023-11-15,C0001,Electronics,Laptop X,1645.89,1,Paid,,,,,,1645.89,,No Complaint
101100,2023-12-14,C0007,Accessories,Charger,19.64,1,Paid,,,,,,19.64,,No Complaint
100930,2023-12-10,C0037,Accessories,Phone Case,30.63,1,Paid,,,,,,30.63,,No Complaint
100453,2023-11-30,C0005,Electronics,NoiseCancel Headphones,247.94,1,Paid,,,,,,247.94,100453,Other
100265,2023-11-25,C0001,Electronics,Tablet A,662.2,1,Paid,,,,,,662.2,,No Complaint
101065,2023-12-13,C0001,Smart Home,NordLock Pro,237.74,1,Paid,R000046,Order 101065,2023-12-18,237.74,Processed,0.0,,No Complaint
100111,2023-11-19,C0188,Electronics,NoiseCancel Headphones,298.0,1,Paid,,,,,,298.0,,No Complaint
100019,2023-11-15,C0034,Smart Home,NordLock Pro,181.24,2,Paid,,,,,,181.24,,No Complaint
101068,2023-12-13,C0052,Electronics,Laptop X,1467.19,1,Paid,,,,,,1467.19,101068,Battery Issue
101115,2023-12-14,C0307,Electronics,NoiseCancel Headphones,222.14,1,Paid,,,,,,222.14,101115,Other
101115,2023-12-14,C0307,Electronics,NoiseCancel Headphones,222.14,1,Paid,,,,,,222.14,101115,Other
101115,2023-12-14,C0307,Electronics,NoiseCancel Headphones,222.14,1,Paid,,,,,,222.14,101115,Quality Issue
100728,2023-12-06,C0052,Smart Home,NordLock Pro,209.66,1,Paid,,,,,,209.66,100728,Battery Issue
101156,2023-11-24,C0002,Electronics,Tablet A,386.12,1,Paid,,,,,,386.12,,No Complaint
100002,2023-11-15,C0002,Electronics,Tablet A,488.25,1,Paid,,,,,,488.25,,No Complaint
100228,2023-11-24,C0147,Electronics,Smartphone Z,1055.64,1,Paid,,,,,,1055.64,,No Complaint
100961,2023-12-11,C0003,Electronics,Smartphone Z,832.85,1,Paid,,,,,,832.85,,No Complaint
100336,2023-11-27,C0002,Accessories,Charger,22.85,4,Paid,,,,,,22.85,,No Complaint
101167,2023-12-11,C0001,Electronics,TV Pro,969.19,1,Paid,,,,,,969.19,,No Complaint
100813,2023-12-08,C0010,Electronics,NoiseCancel Headphones,150.46,2,Paid,,,,,,150.46,100813,Battery Issue
100813,2023-12-08,C0010,Electronics,NoiseCancel Headphones,150.46,2,Paid,,,,,,150.46,100813,Other
100813,2023-12-08,C0010,Electronics,NoiseCancel Headphones,150.46,2,Paid,,,,,,150.46,100813,Other
100813,2023-12-08,C0010,Electronics,NoiseCancel Headphones,150.46,2,Paid,,,,,,150.46,100813,Other
100442,2023-11-30,C0001,Electronics,NoiseCancel Headphones,153.0,2,Paid,,,,,,153.0,,No Complaint
101048,2023-12-13,C0014,Smart Home,NordLock Pro,183.01,1,Paid,,,,,,183.01,,No Complaint
101104,2023-12-14,C0013,Accessories,Accessory Bundle,83.54,1,Paid,,,,,,83.54,,No Complaint
100243,2023-11-24,C0026,Electronics,Laptop X,1554.67,1,Paid,,,,,,1554.67,,No Complaint
100684,2023-12-05,C0001,Electronics,Tablet A,587.1,1,Paid,,,,,,587.1,,No Complaint
100658,2023-12-05,C0002,Electronics,NoiseCancel Headphones,151.84,1,Paid,,,,,,151.84,,No Complaint
100505,2023-12-01,C0007,Electronics,TV Pro,1619.06,1,Paid,,,,,,1619.06,,No Complaint
100409,2023-11-29,C0001,Smart Home,NordPlug,21.0,1,Paid,,,,,,21.0,,No Complaint
101106,2023-12-14,C0008,Electronics,Tablet A,635.65,1,Paid,,,,,,635.65,,No Complaint
101062,2023-12-13,C0019,Electronics,Smartphone Z,799.82,1,Failed,,,,,,799.82,,No Complaint
100141,2023-11-21,C0007,Accessories,Phone Case,23.73,1,Paid,,,,,,23.73,,No Complaint
100547,2023-12-02,C0038,Accessories,Charger,24.9,2,Paid,,,,,,24.9,,No Complaint
100689,2023-12-06,C0166,Electronics,Smartphone Z,963.43,1,Paid,,,,,,963.43,100689,Quality Issue
100851,2023-12-09,C0022,Accessories,USB-C Cable,15.85,3,Pending,,,,,,15.85,,No Complaint
100584,2023-12-03,C0013,Electronics,Tablet A,524.49,2,Paid,,,,,,524.49,,No Complaint
100333,2023-11-27,C0165,Smart Home,NordTherm,83.95,1,Failed,,,,,,83.95,,No Complaint
101116,2023-12-14,C0002,Accessories,Screen Protector,9.56,1,Paid,R000047,Order 101116,2023-12-17,9.56,Processed,0.0,,No Complaint
101105,2023-12-14,C0218,Smart Home,NordLock Pro,221.88,1,Paid,,,,,,221.88,101105,Other
101105,2023-12-14,C0218,Smart Home,NordLock Pro,221.88,1,Paid,,,,,,221.88,101105,Other
101105,2023-12-14,C0218,Smart Home,NordLock Pro,221.88,1,Paid,,,,,,221.88,101105,Other
